index,ID,doi,structure,E(S1),f(S1),E(T1)
880670,ZATJIQ,10.1021/acs.orglett.6b03815,Brc1ccc2c(c1)N(Cc1ccccc1)C(=O)C2=[N+]1CCC(=O)[N-]1,3.26410002,0.3422,1.633051001
773965,VUYWES,10.1107/S1600536810015667,CN1N(c2ccccc2)C(=O)C(=C1C)[N+]1=CC(=O)O[N-]1,4.179100025,0.0587,2.090641053
22445,AQOSIJ,10.1039/c1jm10643k,CC(C)[Si](C#Cc1c2cc3ccc(Br)cc3cc2c(C#C[Si](C(C)C)(C(C)C)C(C)C)c2cc3ccc(Br)cc3cc12)(C(C)C)C(C)C,2.009600012,0.2305,1.00645226
844332,YAFFEQ,10.2116/analsci.16.1005,ClC(Cl)(Cl)C(=O)C1CCCC(=C1N1CCOCC1)C(=O)C(Cl)(Cl)Cl,2.986800018,0.0673,1.495634323
681515,TATMEH,10.1021/ol050872b,CC(C)[Si](C#Cc1c2cc3cc(Br)c(Br)cc3cc2c(C#C[Si](C(C)C)(C(C)C)C(C)C)c2cc3cc(Br)c(Br)cc3cc12)(C(C)C)C(C)C,1.981300012,0.2191,0.9935965137
480208,NEWZOG,10.1016/j.tet.2013.02.070,CCOC(=O)C(C=C[N+]([O-])=C1C(=O)N(Cc2ccccc2)c2ccccc12)=Cc1ccc(Cl)cc1,3.150700019,0.455,1.578549046
930875,TEKQIM,,BrN=C1C=CC(C=C1)=C(C#N)C#N,3.199100019,0.001,1.602773981
373860,KEZLOQ,10.1021/ja993884z,CCCS[N-][n+]1nc(nnc1c1ccccc1)c1ccccc1,3.548800021,0.1701,1.779113825
284728,HODYAC,,Fc1c(F)c(F)c(c(F)c1F)C1=[N+]([O-])c2ccccc2C1=O,2.773100017,0.001,1.391269409
568794,PUZNUV,10.1016/j.tetlet.2015.12.062,Clc1ccc(cc1)C=C1C(=O)N(c2ccccc2)C(=O)C1=Cc1ccccc1,3.253000019,0.4468,1.632077378
23142,ARAYEX,10.1002/ejoc.200300471,CC(C)(C)c1cc(c(P=C=C)c(c1)C(C)(C)C)C(C)(C)C,1.74410001,0.0006,0.8776898912
541202,PEFDEJ,10.1002/(SICI)1521-3773(19980904)37:16<2229::AID-ANIE2229>3.3.CO2-R,CC1(C)[N-][N+](=CC1=O)c1ccccc1,3.177100019,0.0015,1.594679791
300860,ICIFOR,10.1002/chem.201102852,CN(C)c1ccc(cc1)C(=C1C=CC(C=C1)=C(C#N)C#N)C1=C(C(=C(C#CC(C)(C)O)C(C)(C)C)C1(C#N)C#N)C(C)(C)C,2.552700015,0.955,1.282693806
460937,MUMFEG,10.1021/jo9003019,CN(C)c1ccc(cc1)N=NC1=CC=C2N=[N+](c3ccc(cc3)N(C)C)[B-](F)(F)N12,2.102500013,1.1598,1.058200424
598219,QUCBIZ,10.1016/S0022-328X(00)00671-9,CC(C)(C)c1cc(c([As]=[As]c2c(cc(cc2C(C)(C)C)C(C)(C)C)C(C)(C)C)c(c1)C(C)(C)C)C(C)(C)C,2.428900015,0,1.221912279
738937,UYUSEO,10.1039/C4TC01992J,CC(C)[Si](C#CC1=C2N=C3C(=C(Cl)C(=C(Cl)C3=NC2=C(C#C[Si](C(C)C)(C(C)C)C(C)C)C2=NSN=C12)Cl)Cl)(C(C)C)C(C)C,2.068700012,0.2676,1.04201482
481263,NIBBIK,10.1021/cm062378n,CCCCCc1ccc(cc1)C#Cc1c2cc3ccccc3cc2c(C#Cc2ccc(CCCCC)cc2)c2cc3ccccc3cc12,1.988300012,0.3999,1.002203475
560530,POWDAI,10.1021/ol501889g,O=N(=O)c1ccc(C[N+]([O-])=C(C=Cc2ccccc2)c2ccccc2)cc1,3.736000022,0.0439,1.876811405
616240,REMZAM,10.1021/ol3022885,[O-][N+](C1=CCC2(CC1)OCCO2)=C1c2ccccc2c2ccccc12,3.508400021,0.0083,1.763403059
562370,PSULHZ11,10.1107/S0108270184003929,O=S=NNc1ccccc1,3.855200023,0.0331,1.9372117
645508,SAWVAO,,COc1ccc2C(=O)C(=[N+]([O-])c2c1)c1ccccc1OC,2.931500018,0.0206,1.475701493
512668,OJAHIS,10.1039/C5RA09505K,F[B-]1(F)N(N=C(N=[N+]1c1ccccc1)c1ccc(cc1)C1=NN(c2ccccc2)[B-](F)(F)[N+](=N1)c1ccccc1)c1ccccc1,2.598800016,0.3299,1.30991145
358313,KADBOH,10.1016/S0040-4020(03)00735-X,Cc1cccc(c1)N1C(=C(C#N)C#N)c2ccccc2C1=C1N(c2cccc(C)c2)C(=C(C#N)C#N)c2ccccc12,2.386600014,0.8205,1.204450734
865629,YOGNAJ,,CC(N1P(C)C2CC3CC(C2=C1c1ccccc1)C3(C)C)c1ccccc1,3.27390002,0.1111,1.648346793
150831,DUFZAG,10.1039/b901448a,CC[Si](CC)(CC)C#Cc1c2cc3c(C)ccc(C)c3cc2c(C#C[Si](CC)(CC)CC)c2cc3c(C)ccc(C)c3cc12,1.996000012,0.2328,1.009614768
935770,ZENPIU,10.1016/j.dyepig.2017.11.009,COc1ccc(cc1)N1c2cc(OC)ccc2N=C2C=C3Oc4c(cc(cc4C(C)(C)C)C(C)(C)C)N=C3C=C12,2.719800016,1.1941,1.371781976
298224,IBEBAV,10.1021/acs.jpcb.5b10565,CCCCC(CC)CN1C(=O)C2=C(N(CC(CC)CCCC)C(=O)C2=C1C1=CC=C(S1)c1ccccc1)C1=CC=C(S1)c1ccccc1,2.289300014,1.0983,1.156733393
66804,BPCAMN,,Ic1ccc(cc1)[N+]([N-]C#N)=C1c2ccccc2c2ccccc12,3.41020002,0.568,1.717860453
340445,JEHCEE,10.1021/ja00162a026,Cc1ccc(cc1)C1=NS(=NP(=N1)(c1ccccc1)c1ccccc1)S1=NP(=NC(=N1)c1ccc(C)cc1)(c1ccccc1)c1ccccc1,2.902600017,0.2116,1.464645997
358314,KADBOI,,CC(C)c1cccc(C(C)C)c1N=C1C(Nc2ccccc12)=C1Nc2ccccc2C1=Nc1c(cccc1C(C)C)C(C)C,2.488600015,0.5556,1.257843009
873431,YULXEJ,10.1021/ol902156x,C[Si](C)(C)C#CC1=C2C=C3C=CC=CC3=CC2=C(C#C[Si](C)(C)C)C2=NSN=C12,2.123900013,0.2166,1.075999391
438838,MEHWIH,10.1021/ja303402p,Cc1cc(C)c(c(C)c1)C1=C2C=C3c4ccccc4C(=C3C=C2c2ccccc12)c1c(C)cc(C)cc1C,2.417400014,0,1.222771343
712976,UBERIF,10.1039/C6CE02157C,CC(C)(C)OC(=O)N1C(=O)C2=C(NC(=O)C2=C1C1=CC=CS1)C1=CC=CS1,2.588700015,0.7499,1.308824627
932733,VOQBIM03,10.1038/s41467-017-02607-9,CC(C)[Si](C#Cc1c2cc3ccccc3cc2c(C#C[Si](C(C)C)(C(C)C)C(C)C)c2cc3ccccc3cc12)(C(C)C)C(C)C,1.991700012,0.2306,1.010763904
120451,DAHPUX,10.1107/S010827018500659X,S1c2ccccc2N=C2C=C3Sc4ccccc4N=C3C=C12,2.674600016,0.8391,1.352680944
858119,YICVEN,10.1039/C3CC43270J,CC(C)C[Si](CC(C)C)(CC(C)C)C#Cc1c2cc3ccccc3cc2c(c2cc3ccccc3cc12)c1c2ccccc2cc2ccccc12,2.041900012,0.2798,1.036417438
327595,IWUPUN,10.1021/acs.joc.6b00758,CCCCC1=[N+]([O-])C2(CC(=O)OC(C)(C)O2)OC1=C(c1ccccc1)c1ccccc1,3.922200023,0.4994,1.976937329
634519,RUNJUH,10.1002/chem.201501399,CC(C)[Si](C#Cc1c2cc3ccccc3cc2c(c2cc3ccccc3cc12)C(F)(F)F)(C(C)C)C(C)C,2.075100012,0.1382,1.053613672
22443,AQOSEF,10.1039/c1jm10643k,CC(C)[Si](C#Cc1c2cc3ccc(Br)cc3cc2c(C#C[Si](C(C)C)(C(C)C)C(C)C)c2cc3cc(Br)ccc3cc12)(C(C)C)C(C)C,2.041200012,0.2419,1.036686558
678978,TAMSAB,10.1021/jo00018a013,CCN(CC)c1ccc(cc1)N=[N+]1[N-]C(=O)c2ccccc12,3.005200018,1.0159,1.520564659
190112,EZUWIH,10.1039/C6CE02261H,O=C1N(Cc2ccccc2)C(=C2C(=O)N(Cc3ccccc3)C(=C12)C1=CC=CO1)C1=CC=CO1,2.679100016,0.5876,1.357730833
898400,ZURMEG01,10.1071/CH14422,CN1C=C(C=N1)C1=[N+]([O-])C(C)(C)C(C)(C)C1=O,3.30370002,0.0003,1.671326127
318128,IPPCPH,,CC(C)OP(=O)(OC(C)C)OC1=C(c2ccccc2)C(=C(C1c1ccccc1)c1ccccc1)c1ccccc1,3.623900022,0.0534,1.831958062
475609,NEGBUY,10.1002/chem.201200591,Fc1cccc(F)c1C1=C2C=C3c4ccccc4C(=C3C=C2c2ccccc12)c1c(F)cccc1F,2.242200013,0,1.142444695
325972,IVUJOZ,10.1002/chem.201002769,CC(C)[Si](C#CC(=C=C=C(C#C[Si](C(C)C)(C(C)C)C(C)C)c1ccccc1)c1ccccc1)(C(C)C)C(C)C,2.829100017,0.9696,1.435953225
475612,NEGCAF,10.1002/chem.201200591,c1ccc2c(c1)cc1ccccc1c2C1=C2C=C3c4ccccc4C(=C3C=C2c2ccccc12)c1c2ccccc2cc2ccccc12,2.407400014,0,1.225605681
311675,IKUQIQ,10.1039/C6CE00383D,CCCCCCN1C(=O)C2=C(N(CCCCCC)C(=O)C2=C1C1=CC=CO1)C1=CC=CO1,2.673400016,0.5496,1.358931943
881407,ZAWTEZ,10.1002/chem.201604099,CC(C)[Si](C#Cc1c2cc3ccccc3cc2c(C)c2cc3ccccc3cc12)(C(C)C)C(C)C,2.111100013,0.1561,1.077936841
928691,QEVQEQ,10.1021/ol5017756,CC(C)(C)c1ccc2SC3=CC4=C(c5ccccc5)c5cc(ccc5SC4=CC3=C(c3ccccc3)c2c1)C(C)(C)C,2.532400015,1.0197,1.288878682
632964,RUHLAH,10.1016/S0022-328X(97)00074-0,c1ccc(cc1)C=C(c1ccccc1)C1=CC=CC2=C(C(N(N=C12)c1ccccc1)c1ccccc1)c1ccccc1,2.622500016,0.2365,1.334846602
554877,PNTSAN,,COc1ccc(cc1)N=O,0.2051000012,0,0.1266460582
46930,BEFXAM,10.1016/S0040-4020(03)00574-X,CCOC(=O)C(=CC1=C([O-])ON=[N+]1c1ccc(OCC)cc1)C#N,3.636500022,0.4822,1.842463562
223085,FUHCOA,10.1021/jf00103a045,Brc1cc2c(Br)c(Br)c(Br)c(Br)c2cc1Br,3.006900018,0.1562,1.527834915
78675,CALJUU,10.1021/ja00354a069,CC(C)(C)c1cc(c([As]=[As]C([Si](C)(C)C)[Si](C)(C)C)c(c1)C(C)(C)C)C(C)(C)C,2.652800016,0.0027,1.35084472
360471,KAKDEF,10.1002/cber.19881210506,COC(=O)C(=C(c1ccccc1)c1ccccc1)[C-]([n+]1ccccn1)C(=O)OC,3.245700019,0.4071,1.647385686
200257,FECZOE01,10.1039/C5CE00300H,Clc1c2cc3ccccc3cc2c(Cl)c2cc3ccccc3cc12,2.140200013,0.0851,1.094847628
209033,FIHSAR,10.1016/j.bmc.2004.06.033,COc1ccc(cc1)[N+]1=NOC(=C1C=NN=C1SCC(=O)N1c1ccccc1)[O-],3.761900023,0.514,1.905727039
455279,MOVBII,10.1002/hc.1087,Fc1ccc(NSN=S=Nc2ccc(F)cc2)cc1,3.30960002,0.3247,1.679765602
40144,BAMTER,10.1002/cphc.201500869,CC1=CC(=C2C=C3C=CC(=[N+]3[B-](F)(F)N12)F)C,3.070600018,0.6236,1.561072561
675811,TADJAL,10.1002/ejic.201000607,Clc1cccc(SN=S=NSc2cccc(Cl)c2)c1,3.168600019,0.4854,1.610571404
154162,DUSTER,10.1107/S1600536810026176,OC1(Cc2ccccc2)c2ccccc2[N+](=C1c1ccccc1)[O-],3.706600022,0.0008,1.880396505
858122,YICVIR,10.1039/C3CC43270J,CC(C)[Si](C#Cc1c2cc3ccccc3cc2c(c2cc3ccccc3cc12)c1c2ccccc2cc2ccccc12)(C(C)C)C(C)C,2.089800013,0.2024,1.072038501
159011,ECAYUF,10.1039/C6QO00673F,S1C=CC=C1C1=C2C(=C3c4ccccc4C(=C3C(=C2c2ccccc12)c1ccccc1)C1=CC=CS1)c1ccccc1,2.335500014,0,1.194888925
159015,ECAZAM,10.1039/C6QO00673F,Cc1ccc(cc1)C1=C2C(=C3c4ccccc4C(=C3C(=C2c2ccccc12)c1ccccc1)c1ccc(C)cc1)c1ccccc1,2.415300014,0.0083,1.235301369
451546,MOGSAE,10.1039/C4TC00550C,Fc1ccc2NC(C(=O)c2c1)=C1Nc2ccc(F)cc2C1=O,2.515400015,0.3116,1.285448959
323695,ITEMEB,10.1016/j.tet.2016.08.047,CC(C)(C)c1cc(CSC2=C(C=C(C3=NO[N+](=C23)[O-])N(=O)=O)N(=O)=O)cc(c1O)C(C)(C)C,2.689900016,0.0742,1.37283424
636655,RUWHAU,10.1039/C5TC03287C,F[B-]1(F)N(N=C(N=[N+]1c1ccccc1)c1ccc(cc1)C1CC2CC1C=C2)c1ccccc1,2.915600017,0.3607,1.485950335
332080,IZUJIY,10.3762/bjoc.10.178,CC(C)[Si](C#Cc1c2cc3ccccc3cc2c(C2=CC=CS2)c2cc3ccccc3cc12)(C(C)C)C(C)C,2.089100012,0.1825,1.072782188
858116,YICVAJ,10.1039/C3CC43270J,CC(C)[Si](C#Cc1c2cc3ccccc3cc2c(c2cc3ccccc3cc12)c1c2ccccc2c(F)c2ccccc12)(C(C)C)C(C)C,2.083900012,0.1984,1.07084501
402454,LEFVAT10,10.1021/ja961562e,Cc1ccc(C)c2c3CCCCCCc(c12)c1c(C)ccc(C)c31,2.922000017,0.1073,1.490080071
874678,YURHAU,10.1016/0022-328X(94)05259-E,Cc1cc(C)c(N2N=C3C(=CC(=CC3=C(C2c2ccccc2)c2ccccc2)C)C)c(C)c1,2.600700016,0.1433,1.330488699
358190,KACTOA,10.3390/molecules20046520,Cc1ccc(cc1)[N+]1=NOC(=C1C=C1SC(=O)NC1=O)[O-],3.524300021,0.5098,1.792343456
667590,SOYKOI,10.1039/C4TC02859G,CC(C)[Si](C#Cc1c2cc3cccnc3cc2c(C#C[Si](C(C)C)(C(C)C)C(C)C)c2cc3c(Cl)c(Cl)c(Cl)c(Cl)c3cc12)(C(C)C)C(C)C,2.031100012,0.2331,1.046259524
668970,SUDTIW,10.1021/jo502206g,CC1(C)OC(=O)C(=CC(O)=CC=CN2Cc3ccccc3C2)C(=O)O1,2.978900018,1.5184,1.520836419
179801,ESIWEI01,10.1021/ja0386086,ClCCOC(=O)C(C(=O)OCCCl)=C1C=CC(C=C1)=C(C(=O)OCCCl)C(=O)OCCCl,3.702400022,1.259,1.883288531
239628,GEMYOO,10.1021/ic300872m,COc1ccc(cc1)C1=CC(=C(N1)N=C1N=C(C=C1c1ccc(OC)cc1)c1ccc(OC)cc1)c1ccc(OC)cc1,2.225200013,0.7176,1.145594685
517785,OMEVEH,10.1021/jo026771y,C[N+]([O-])=C1C(=O)C=CC2=NOC=C12,3.241500019,0.0002,1.654211417
810533,XALDUM,10.1002/anie.201612496,NC1=NN2N=[N+]([O-])N=C2N=[N+]1[O-],3.256600019,0.1488,1.662965293
332083,IZUJOE,10.3762/bjoc.10.178,CC[Si](CC)(CC)C#Cc1c2cc3ccccc3cc2c(c2cc3ccccc3cc12)c1c2ccccc2cc2ccccc12,2.086500012,0.1966,1.078276439
332074,IZUJAQ,10.3762/bjoc.10.178,CC(C)[Si](C#Cc1c2cc3ccccc3cc2c(c2ccc(cc2)c2cccc3ccccc23)c2cc3ccccc3cc12)(C(C)C)C(C)C,2.107900013,0.2088,1.088992555
163539,EFULOI,10.1016/j.bmc.2014.04.028,S1C(=Cc2ccccc12)N1C=CC=N1,3.32690002,0.1735,1.698984187
127364,DBRING01,10.3891/acta.chem.scand.34a-0171,Brc1ccc2C(=O)C(Nc2c1)=C1Nc2cc(Br)ccc2C1=O,2.604000016,0.3892,1.33824993
840623,XURBUI,10.1021/jo901142f,CC(C)(C)C1=CC(=CC=CC=C(C#N)C(c2ccccc2)=C(C#N)C#N)C=C(O1)C(C)(C)C,2.615700016,2.0428,1.344130311
660775,SIZLAQ,10.1038/nchem.1945,c1ccc(cc1)c1ccc(cc1)c1c2cc3ccccc3cc2c(c2ccc(cc2)c2ccccc2)c2cc3ccccc3cc12,2.131100013,0.1709,1.101838505
451552,MOGSIM,10.1039/C4TC00550C,Fc1cc2NC(C(=O)c2cc1F)=C1Nc2cc(F)c(F)cc2C1=O,2.599300016,0.3121,1.336132612
693964,TIJZIX,10.1021/jo3019126,N(c1ccccc1)c1ccc2N=C3C=C(Nc4ccccc4)C(C=C3N(c3ccccc3)c2c1)=Nc1ccccc1,2.259300014,0.2391,1.166409762
64501,BOSBES,10.1039/C4TC01563K,Brc1ccc2NC(C(=O)c2c1)=C1Nc2ccc(Br)cc2C1=O,2.502700015,0.3886,1.288602758
745565,VARKII01,10.1002/anie.198904781,COc1ccccc1C1=C2C(=O)N(C)C(=C2C(=O)N1C)c1ccccc1OC,2.859900017,0.4291,1.46730074
881131,ZAVWEB,10.1002/chem.201604099,CCCCc1c2cc3ccccc3cc2c(C#C[Si](C(C)C)(C(C)C)C(C)C)c2cc3ccccc3cc12,2.113300013,0.1732,1.094376599
50729,BESSID,10.1002/ejoc.201201714,COc1c2cc3ccccc3cc2c(OC)c2cc3ccccc3cc12,2.155400013,0.0843,1.115562295
109082,CPATHP,10.1021/ic50124a027,Clc1ccc(SN=S=NSc2ccc(Cl)cc2)cc1,3.031900018,0.5469,1.554043561
865051,YODREQ,10.1039/C4DT00503A,Cc1cccc(C)c1NC1=C(Nc2c(C)cccc2C)c2cccc3C(=C(Nc4c(C)cccc4C)c4cccc1c4c23)Nc1c(C)cccc1C,2.243600013,0.0285,1.160270873
295699,HUTLIR,10.1021/jo010979m,Clc1cc(Cl)c2c(c1)c1cc(Cl)cc(Cl)c1C2=C1c2c(Cl)cc(Cl)cc2c2cc(Cl)cc(Cl)c12,2.344100014,0.4159,1.210820647
532638,PAHRAU,10.1111/cbdd.12685,CN(CCCN1C(=O)c2cccc3cccc(C1=O)c23)C1=C(C(=CC2=[N+]([O-])ON=C12)Cl)N(=O)=O,3.063300018,0.1403,1.570475972
853267,YEGZEQ,10.1002/ejoc.200500912,CN1C2=C(Sc3ccccc23)C(=CC=C2Sc3ccccc3C2=O)C1(C)C,2.470900015,1.0379,1.274307257
746091,VASQOY,10.1039/C6TC05076J,O=C1N(CCC23CC4CC(CC(C4)C2)C3)C(=C2C(=O)N(CCC34CC5CC(CC(C5)C3)C4)C(=C12)C1=CC=CS1)C1=CC=CS1,2.580800015,0.6124,1.329402148
215895,FOGSEA,10.1107/S1600536805002126,O=C1NC(=C2C(=O)NC(=C12)c1ccccn1)c1ccccn1,2.745200016,0.3947,1.41206952
332068,IZUHOC,10.3762/bjoc.10.178,CC(C)[Si](C#Cc1c2cc3ccccc3cc2c(c2cccc3ccccc23)c2cc3ccccc3cc12)(C(C)C)C(C)C,2.110900013,0.1934,1.094981781
932518,VESWEY,10.1007/s00706-017-2052-3,CN(C)CCNC1=C(C(=CC2=[N+]([O-])ON=C12)Cl)N(=O)=O,3.222600019,0.1229,1.651298956
525681,OVOVUS,10.1021/jacs.6b05627,CN1C(=O)C2=C(N(C)C(=O)C2=C1C1=CC=CS1)C1=CC=CS1,2.626100016,0.535,1.353582185
598922,QUFFUS,10.1039/b008316j,OCC(O)CN1C=CC(C=C1)=CC=C1C(=O)ON=C1c1ccccc1,2.904400017,1.0036,1.492921892
182430,ETUWOH,10.1039/C6OB01561A,CCc1cc(ccn1)C(=[NH2+])S[O-],3.531100021,0.3356,1.806563309
56127,BIMPTS,10.1107/S0567740878010341,Cc1ccc(cc1)S(=O)(=O)C(Sc1ccccc1)=S=NC(C)(C)C,3.213700019,0.0979,1.648185429
194701,FANHAE,10.1021/ol048686d,CC(C)[Si](C#Cc1c2cc3SC=Cc3cc2c(C#C[Si](C(C)C)(C(C)C)C(C)C)c2cc3cc4SC=Cc4cc3cc12)(C(C)C)C(C)C,1.963300012,0.2234,1.023173384
755220,VEYPUL,10.1021/ja063519p,c1ccc2b(c1)n1ccccn1b1ccccc21,2.695500016,0.2901,1.389749
332077,IZUJEU,10.3762/bjoc.10.178,CC(C)[Si](C#Cc1c2cc3ccccc3cc2c(c2ccc(cc2)c2ccccc2)c2cc3ccccc3cc12)(C(C)C)C(C)C,2.110800013,0.2108,1.097424547
527108,OXALUW,10.1021/acs.joc.6b01771,CC(C)N(C(C)C)C(O)=C(c1ccccc1)c1ccc(N=O)c(Cl)c1,1.302400008,0.0001,0.6932301706
326730,IWETOT,10.1023/A:1021399716771,c1cncc(c1)c1cnc(cn1)c1cccnc1,1.015700006,0.0009,0.5500392093
325980,IVUKEQ,10.1002/chem.201002769,CC#CC(=C=C=C(C#CC)c1ccccc1)c1ccccc1,3.105800019,1.0686,1.595469983
352937,JUBDIV,10.1021/ja510958k,CC(C)[Si](C#Cc1c2cc3ccccc3cc2c(c2ccc(C=O)cc2)c2cc3ccccc3cc12)(C(C)C)C(C)C,2.112300013,0.199,1.098907567
741823,VAGPOJ01,10.1107/S1600536805002114,O=C1NC(=C2C(=O)NC(=C12)c1ccncc1)c1ccncc1,2.767200017,0.4914,1.427363135
67916,BUBQAR,10.1021/ja8093313,CC(C)(C)[Si](c1cc2ccccc2c2ccccc12)=[Si]1C(CCC1([Si](C)(C)C)[Si](C)(C)C)([Si](C)(C)C)[Si](C)(C)C,2.903400017,0.0174,1.495957594
881345,ZAWNIX,10.1002/chem.201701290,CC(C)(C)OC(=O)N1C(=O)C(=[N+]([O-])C(C(CN(=O)=O)c2ccc(Br)cc2)c2ccccc2)c2ccccc12,3.586200021,0.0027,1.837449592
669008,SUDXUM,10.1021/jo502206g,CC1(C)OC(=O)C(=CC(O)=CC=CN(Cc2ccccc2)Cc2ccccc2)C(=O)O1,2.975800018,1.5463,1.532636364
354811,JULROX,10.1107/S0108768192007821,COC(=O)C1NC(=O)NC(=C1)C(=O)OC,3.33430002,0.12,1.7123348
85663,CECPIJ,10.1039/a809116a,CC(C)(C)c1c2c(c3ccccc3)c(c3ccccc3)c2c(c2c(c3ccccc3)c(c3ccccc3)c12)C(C)(C)C,1.354300008,0.0107,0.7228203749
640189,SAHVEC,10.1021/jo00264a037,CCOC(=O)C12ON=C(c3ccccc3)C31N=NCN3N1CC21,3.185200019,0.0041,1.639551257
871711,YUFHEM,10.1524/zkri.1995.210.3.222,FC1=C(C(=Cc2ccccc2)c2ccccc2)C2=NN(C(c3ccccc3)C(=C2C(=C1)F)c1ccccc1)c1ccccc1,2.576700015,0.2329,1.335344299
72258,BUSSOX,10.1039/c39830000762,N#CC1CN(c2ccccc2)C23CCCCC12N=[N+]([N-]3)c1ccccc1,3.774000023,0.0112,1.934023886
219489,FOTGAY,10.1039/C4CC06063F,CCCCCCN1C(=O)C2=C(NC(=O)C2=C1C1=CC=CS1)C1=CC=CS1,2.616700016,0.5738,1.355441267
490302,NOGYAL,10.1021/jo500993x,Clc1ccc(OCC(=O)OC(c2cc(Cl)ccc2OCC=C)C(=C=C)c2ccc(cc2)C(=C=C)C(OC(=O)COc2ccc(Cl)cc2)c2cc(Cl)ccc2OCC=C)cc1,2.249900013,0.012,1.172234903
332071,IZUHUI,10.3762/bjoc.10.178,CC(C)[Si](C#Cc1c2cc3ccccc3cc2c(c2ccc(I)cc2)c2cc3ccccc3cc12)(C(C)C)C(C)C,2.114000013,0.2055,1.104456785
712982,UBERUR,10.1039/C6CE02157C,BrCCCCCCN1C(=O)C2=C(N(CCCCCCBr)C(=O)C2=C1C1=CC=CS1)C1=CC=CS1,2.619300016,0.5625,1.357678859
873287,YULLIB,10.1002/chem.200902179,CC(C)[Si](C#Cc1c2cc3ccccc3cc2c(C#Cc2cccc3ccccc23)c2cc3ccccc3cc12)(C(C)C)C(C)C,1.812900011,0.0473,0.9555566301
948697,XIBFOG,10.1039/C8NJ00234G,COC(=O)C(=C)CC1CC(=O)[N-][N+]1=C1C(=O)N(Cc2ccccc2)c2ccccc12,3.33020002,0.0469,1.714908289
949815,ZETQUN,10.1021/acs.joc.7b03241,Fc1cc2cc3cc4cc5cc(F)c(F)cc5cc4cc3cc2cc1F,2.270700014,0.07,1.185316504
813208,XASVAR,10.1021/acs.nanolett.6b04995,CCCN(CCC)C1=CC=C(S1)C=C1SC(N=C1C(C)(C)C)=C(C#N)C#N,2.481000015,0.9902,1.290501297
387403,KUGCIY,,CN1C=CC(=CC(C#N)=C(C#N)C#N)c2ccccc12,2.843900017,1.5412,1.472500292
43082,BAVKOB,10.1039/C7CP03121A,CCCCCC[N+]1=Nc2c([N-]1)c(C1=CC=CS1)c1N=[N+](CCCCCC)[N-]c1c2C1=CC=CS1,2.610100016,0.6276,1.356032843
332065,IZUHIW,10.3762/bjoc.10.178,CC(C)[Si](C#Cc1c2cc3ccccc3cc2c(c2ccccc2)c2cc3ccccc3cc12)(C(C)C)C(C)C,2.126900013,0.1864,1.114668946
39448,BALGAZ,10.1021/jacs.6b11912,Cc1cc(C)c(c(C)c1)[Si](=[Si]1C(CCC1([Si](C)(C)C)[Si](C)(C)C)([Si](C)(C)C)[Si](C)(C)C)[Si](C)(C)C,3.161800019,0.0774,1.632242551
764648,VOKBAA,,CCCCCCN1C(=O)C2=C(N(CCCCCC)C(=O)C2=C1C1=CC=C(Br)S1)C1=CC=C(Br)S1,2.556800015,0.6964,1.329910729
661561,SOCGUM,10.1039/p29910000913,CC1(C)CC(=O)C2=C(C1)SSC2=S=O,2.906300017,0.0007,1.504953678
239598,GEMWUQ,10.1016/S0040-4020(99)00833-9,O=C1C2=C(C(=O)C3=C1c1ccccc1[N+](=C3)[O-])c1ccccc1N2,2.726600016,0.0633,1.415105494
728262,UMUTUT,10.1016/j.tet.2016.05.069,CCCCCCCc1ccc2NC(C(=O)c2c1)=C1Nc2ccc(CCCCCCC)cc2C1=O,2.522800015,0.3996,1.313499271
669004,SUDXOG,10.1021/jo502206g,COC(=O)C1CCCN1C=CC=C(O)C=C1C(=O)OC(C)(C)OC1=O,2.997500018,1.4276,1.55088568
573933,QANCEP,10.1002/ejoc.201101447,CC1=CC(=C2N1[B-](F)(F)[N+]1=C(C)C=C(C)C1=C2C1=C(OC(=C1)Br)N1C(=O)CCC1=O)C,2.837600017,0.4699,1.471119858
196950,FATNOG,10.1039/C7TC00143F,N#Cc1c2ccccc2c(C#N)c2cc3c(cc12)c(C#N)c1ccccc1c3C#N,2.034700012,0.1126,1.069868121
809389,XAHLOJ,10.1016/j.mencom.2010.09.014,CCCOC(=O)SC1=S=NSC1=S,2.342600014,0.0002,1.223820342
682981,TAYBOK,10.1016/0040-4020(96)00173-1,O=C1OC(=C(C(=O)c2ccccc2)C1=C1C(=O)OC(=C1C(=O)c1ccccc1)c1ccccc1)c1ccccc1,2.657200016,0.8204,1.381507325
159567,ECIMEK,10.1039/c2ob26515j,CN(C)c1ccc(cc1)C(=CC=C(C#N)C(c1ccccc1)=C(C#N)C#N)C=C1C=C(OC(=C1)C(C)(C)C)C(C)(C)C,2.537700015,1.8419,1.321950855
612156,RAYMOT,10.1021/jo961375z,COC(=O)C=CC=[N+]([O-])C1(CCCCC1)OO,3.561300021,0.0067,1.833833743
51355,BEVQAW,10.1021/ol303490b,CC[Si](CC)(CC)C#CC1=C2C=CC=CC2=C(C#C[Si](CC)(CC)CC)C2=N[Se]N=C12,2.346400014,0.2875,1.226896045
188693,EZAGET,10.1039/C6CC08079K,CN(C=CC=C(O)C=C1C(=O)OC(C)(C)OC1=O)c1ccccc1,2.962400018,1.6289,1.534944978
289116,HOVLAF,10.1016/S0040-4020(99)00906-0,CCN1C(=CC=C2N(CC)c3ccccc3C2=O)C(=O)c2ccccc12,2.481200015,0.5698,1.294411573
53021,BIBDIB01,,CCCCCCN1C(=O)C2=C(N(CCCCCC)C(=O)C2=C1C1=CC=CS1)C1=CC=CS1,2.622000016,0.5643,1.36524689
822317,XEXNEU,10.3987/COM-06-10711,CCOC(=O)C1=CN(C2CC2)C2=C(C=C(F)C3=[N+]([O-])ON=C23)C1=O,3.32220002,0.2001,1.715866402
50725,BESSEZ,10.1002/ejoc.201201714,CCOc1c2cc3ccccc3cc2c(OCC)c2cc3ccccc3cc12,2.165100013,0.0949,1.137538482
8210,AFURIE,10.1107/S1600536813017765,Brc1ccc(N=P(c2ccccc2)(c2ccccc2)c2ccccc2)c(c1)[N+]1=NOC(=C1)[O-],4.088300024,0.0914,2.099361078
91983,CEYREF,10.1021/jp306365q,COCCOCCOCCN1C(=O)C2=C(N(CCOCCOCCOC)C(=O)C2=C1C1=CC=CS1)C1=CC=CS1,2.653200016,0.5484,1.382079308
796834,WOHDAY,,O=C1NC(=C2C(=O)NC(=C12)c1cccc(c1)C#N)c1cccc(c1)C#N,2.804500017,0.5169,1.458045604
777550,WAKRUY,10.1016/j.matchemphys.2013.05.031,c1ccc(cc1)N=C=Nc1ccccc1,0.8883000053,0.001,0.5000426431
123554,DAQQEU,10.1039/C7TA02133J,CN1c2ccccc2C=C1C1=C2C=CC=CC2=C(N1)N=C1N=C(C2=Cc3ccccc3N2C)c2ccccc12,2.209900013,0.8617,1.161304361
398438,LASHAR,10.1080/00397911.2016.1249290,CN(C)c1ccc(cc1)N=C1c2ccccc2[N+](=C1C1=C(C)C=C(C)N1)[O-],2.386100014,0.092,1.249476868
869231,YOVFIZ,10.1107/S1600536809022284,CC(=NNC(N)=O)c1ccc(Br)cc1,2.664200016,0.0339,1.388582557
614751,REHJUJ,10.1039/a703706f,CSC(Oc1c(cccc1C(C)(C)C)C(C)(C)C)=S=O,4.132700025,0.1279,2.123263286
646481,SAZBUS,10.1039/c2cc30362k,N1C2=C(c3ccccc3)C3=NC(=C(c4ccccc4)c4c5ccccc5c(c5ccccc45)C(=C4C=CC(=N4)C(=C1C=C2)c1ccccc1)c1ccccc1)C=C3,1.909200011,0.2888,1.011617253
470412,NAPZAH,10.1039/c2jm14927c,CCCCN1c2ccccc2C(C)(C)C1=CC=C1SC(N=C1CCCC)=C(C#N)C#N,2.535300015,1.1799,1.324765328
664020,SOLSIX,10.1002/chem.201400393,CC(C)c1cccc(C(C)C)c1N1C(=C2C=CC(C=C2)=C(c2ccccc2)c2ccccc2)C(C)(C)CC1(C)C,2.991600018,1.1538,1.552963541
139818,DIWTIM,10.1002/cber.19861190217,C[Si](C)(C)C(=P(C(c1ccccc1)c1ccccc1)=C([Si](C)(C)C)[Si](C)(C)C)[Si](C)(C)C,2.234900013,0.1057,1.175007199
357099,JUYKEV,,CN1C=CC(=C1)C1=C(C=C(C2=[N+]([O-])ON=C12)N(=O)=O)N(=O)=O,2.853400017,0.299,1.484293162
105814,COQBUH,10.1039/C4CP02629B,COc1ccccc1C1=CC(=C(N1)N=C1N=C(C=C1c1ccccc1)c1ccccc1O)c1ccccc1,2.115100013,0.0361,1.116087747
542261,PEJHOD01,10.1021/cg3010097,Cc1ccc(cc1)C(c1ccc(C)cc1)=C1C=C(Cl)C(=O)C(=C1)Cl,3.109200019,0.6886,1.613236215
323693,ITEMAX,10.1016/j.tet.2016.08.047,CC(C)(C)c1cc(CNC2=C(C=C(C3=[N+]([O-])ON=C23)N(=O)=O)N(=O)=O)cc(c1O)C(C)(C)C,3.217000019,0.2392,1.667313944
46933,BEFXEQ,10.1016/S0040-4020(03)00574-X,Cc1ccc(cc1)[N+]1=NOC(=C1C=C(C#N)C(N)=O)[O-],3.789100023,0.4343,1.953941232
547943,PHPYHP,10.1071/CH9791943,CN1C(=O)N(C)C(=O)C(=C2C=CC3=Nc4ccccc4N(c4ccccc4)C3=C2)C1=O,2.346600014,0.5886,1.232729893
128706,DEDWEO,10.1039/p19850001837,[O-][N+](c1ccccc1)=C1c2ccccc2c2ccccc12,3.540500021,0.0001,1.829889045
690750,TEYXOM,10.1002/macp.201100622,CC(C)[Si](C#Cc1c2cc3ccccc3cc2c(C2=CN(Cc3ccccc3)N=N2)c2cc3ccccc3cc12)(C(C)C)C(C)C,2.131800013,0.1919,1.125631324
734213,UTEFEF,10.1039/c1cc11762a,Clc1c2ccccc2c(Cl)c2nc3c(Cl)c4ccccc4c(Cl)c3nc12,1.932000012,0.0765,1.026029764
225733,FUSJAF,,O=N(=O)C1=CC2=[N+]([O-])ON=C2C2=C1C=NN2c1ccccc1,3.42300002,0.1972,1.771783894
614956,REHYOT,10.1021/ol060679x,CSc1c2cc3ccccc3cc2c(SC)c2cc3ccccc3cc12,2.157300013,0.1048,1.138989665
190115,EZUWON,10.1039/C6CE02261H,O=C1N(Cc2ccccc2)C(=C2C(=O)N(Cc3ccccc3)C(=C12)C1=CC=CS1)C1=CC=CS1,2.634500016,0.5883,1.377640315
191495,FADXOA,,[O-][n+]1cccc2ccccc12,3.690600022,0.0011,1.905938444
50734,BESSOJ01,10.1039/C7OB00043J,FC(F)(F)c1c2cc3ccccc3cc2c(c2cc3ccccc3cc12)C(F)(F)F,2.154400013,0.0709,1.138223937
329876,IYEZET,10.1134/S107036321605008X,OS(=O)(=O)c1ccc(NC2=C(Cl)C=C(C3=NO[N+](=C23)[O-])N(=O)=O)cc1,2.815100017,0.3474,1.469063222
185903,EXCBIL,,CCOC(=O)C1=C(C)C(=C(N1)C=C1NC(=CC2=NC(=CC3=C(C)C(=C(N3)C(=O)OCC)C)C(=C2C)C)C(=C1C)C)C,1.882400011,0.1487,1.003266079
284725,HODXUV,,O=C1c2ccccc2[N+](=C1c1cccc[n+]1[O-])[O-],2.671000016,0.005,1.397853666
531155,PADDIH,10.1039/c39920000778,C[Si](C)(C)C1=CC=C(S1)C(=C=C=C(C1=CC=C(S1)[Si](C)(C)C)C1=CC=C(S1)[Si](C)(C)C)C1=CC=C(S1)[Si](C)(C)C,2.479000015,0.6993,1.301965181
766241,VOQBOS,10.1021/ja0162459,CC(C)[Si](C#Cc1c2ccccc2c(C#C[Si](C(C)C)(C(C)C)C(C)C)c2cc3cc4ccccc4cc3cc12)(C(C)C)C(C)C,2.054000012,0.2145,1.08947719
451543,MOGRUX,10.1039/C4TC00550C,FC(F)(F)c1ccc2C(=O)C(Nc2c1)=C1Nc2cc(ccc2C1=O)C(F)(F)F,2.588400015,0.364,1.356692446
960890,YIBGIC,10.1021/jacs.8b02493,COc1ccc(cc1)[N+]1=NOC(=C1c1ccc(cc1)C(F)(F)F)[O-],4.047500024,0.311,2.087773654
659146,SITLEO,10.1039/C3SC53181C,Cc1cc(C)c(c(C)c1)C1=C2C=C3C4=C(SC=C4)C(=C3C=C2C2=C1SC=C2)c1c(C)cc(C)cc1C,1.64880001,0,0.8885496829
59430,BMALAL,10.3891/acta.chem.scand.18-1642,BrC(C=O)C=O,1.806300011,0.0001,0.9687103415
887553,ZIFPEL,10.1039/C3OB41278D,CC(C)(C)C1=CC(=CC=C2C3=C(SC2=C(C#N)C#N)C=CS3)C=C(O1)C(C)(C)C,2.424900015,0.6957,1.278085014
138382,DIRREB,10.1107/S0108270186096361,[Se]1C(=CC(C=C1c1ccccc1)=C1C=C([Se]C(=C1)c1ccccc1)c1ccccc1)c1ccccc1,2.605200016,1.0564,1.368249666
383066,KOKMUT,10.1021/ol801358c,O1C(=C2C=CC=CC2=C1C1=CC=C(S1)C1=CC=CS1)C1=C2C=CC=CC2=C(O1)C1=CC=C(S1)C1=CC=CS1,2.091200013,1.2273,1.111284938
316460,INTRBE,10.1039/JR9560002841,Ic1ccc(cc1)N=O,0.3126000019,0,0.2221324682
505815,OCUXES,10.1002/adfm.201602994,CCCCC(CC)CN1C(=O)C2=C(N(CC(CC)CCCC)C(=O)C2=C1C1=CC=C(Cl)S1)C1=CC=C(Cl)S1,2.594400016,0.6478,1.363158144
255845,GUBCIR,10.1002/adfm.201402678,CN1c2ccccc2C(C)(C)C1=CC=C1SC(N=C1C(C)(C)C)=C(C#N)C#N,2.573400015,1.2389,1.353719603
366870,KEBWUM,10.1002/chem.201700421,CC(C)[Si](C#Cc1c2ccccc2c(C#C[Si](C(C)C)(C(C)C)C(C)C)c2nc3cc4cc(C#N)c(cc4cc3nc12)C#N)(C(C)C)C(C)C,1.818800011,0.1186,0.9768046401
537907,PAWNOR,10.1016/j.tet.2005.08.107,NC1=NN=C(S1)C1=C([O-])ON=[N+]1c1ccccc1,3.885900023,0.3518,2.0110468
392627,LABKOR,10.1039/C6DT00137H,C=CCN1C=C2C=C1C(=C1C=CC(=N1)C(=C1NC(=C(c3ccccc3)C3=NC(=C2c2ccccc2)C=C3)C=C1)c1ccccc1)c1ccccc1,1.875000011,0.2025,1.005909393
804338,WUPJOI,10.1002/anie.201507573,Cc1cc(C)c(c(C)c1)c1c2cc3ccccc3cc2c(c2cc3ccccc3cc12)c1c(C)cc(C)cc1C,2.175600013,0.1393,1.156603867
775935,WAFWUV,,CC(C)(C)C1=CC(C(=O)C(=C1)C(C)(C)C)=C1C=C(C(=O)C(=C1)C(C)(C)C)C(C)(C)C,2.464800015,0.0558,1.301323264
76172,CADNAX,10.1021/ol0167356,CC[Si](CC)(CC)C#Cc1c2ccccc2c(C#C[Si](CC)(CC)CC)c2cc3cc4ccccc4cc3cc12,2.069800012,0.2011,1.104383314
281366,HISKEB,,Fc1c(F)c(F)c(c(F)c1F)C1=CC(SC1=C(C#N)C#N)=C(C#N)C#N,3.247300019,0.6169,1.693286123
56353,BINHUD,10.1002/chem.201303277,CC(C)[Si](C#Cc1c2ccccc2c(C#C[Si](C(C)C)(C(C)C)C(C)C)c2nc3cc4ccccc4cc3nc12)(C(C)C)C(C)C,1.991800012,0.1978,1.065683827
211643,FIRPUR,10.1039/c39870001090,Brc1ccc(cc1)N1C(OC2(N=[N+]([N-]C12c1ccccc1)c1ccc(Br)cc1)c1ccccc1)C=Cc1ccccc1,3.550800021,0.0345,1.845428514
654636,SICPOL,10.3390/molecules18010276,CCOC(=O)CC1=C(C#N)C(NC1=O)=C(C#N)C#N,3.451300021,0.0002,1.795709559
815182,XAYNAP,10.1039/C7TC00958E,CN(C1=CC(CC(C)(C)C1)=CC=CC1=C(C#N)C(OC1(C)C)=C(C#N)C#N)c1ccccc1,2.508400015,2.156,1.325239623
457565,MSFURY01,,Cc1cc(C)c(c(C)c1)C1=CC(C(=O)O1)=C1C=C(OC1=O)c1c(C)cc(C)cc1C,2.930800018,0.9067,1.536848959
505819,OCUXIW,10.1002/adfm.201602994,CCCCCCCCN1C(=O)C2=C(N(CCCCCCCC)C(=O)C2=C1C1=CC=C(Cl)S1)C1=CC=C(Cl)S1,2.599800016,0.6618,1.372341714
455079,MOTJAH,10.1107/S1600536809013749,CCOC(=O)C1=C(C)N(C(=C(N1c1ccccc1)C(=O)OCC)C)C1=CCCO1,3.163900019,0.0017,1.654395339
146363,DORRUZ,10.1107/S2053229614020099,COC(=O)C1=C(C(=O)OC)C(=CC=C2C(=O)N(c3c(C)cc(C)cc3C)C(=C2C(=O)OC)C(=O)OC)C(=O)N1c1c(C)cc(C)cc1C,2.766700017,0.7882,1.456001213
276314,HEZHEB,10.1021/ja305491t,O=C1[N-][N+](C2C3CCC(C3)C12)=C1c2ccccc2c2ccccc12,3.42150002,0.5738,1.783667595
960889,YIBGEY,10.1021/jacs.8b02493,CN(C)c1ccc(cc1)[N+]1=NOC(=C1c1ccc(cc1)C(F)(F)F)[O-],4.019300024,0.3923,2.084607881
505822,OCUXOC,10.1002/adfm.201602994,CCCCCCCN1C(=O)C2=C(N(CCCCCCC)C(=O)C2=C1C1=CC=C(Cl)S1)C1=CC=C(Cl)S1,2.609800016,0.6541,1.379973963
728259,UMUTON,10.1016/j.tet.2016.05.069,CCCCCCCCc1ccc2NC(C(=O)c2c1)=C1Nc2ccc(CCCCCCCC)cc2C1=O,2.531800015,0.3975,1.341301143
636264,RUTYOW,10.1039/C5SC04954G,CC(C)(C)c1cc2ccc3cc(cc4C5=NC6=C(C7=CC=CS7)C7=NSN=C7C(=C6N=C5c(c1)c2c34)C1=CC=CS1)C(C)(C)C,1.963400012,0.2254,1.05724476
229291,GAFPEL,10.1002/anie.201508650,COc1ccc(cc1)C1=C(c2ccc(OC)cc2)c2c3cc4ccccc4c4C(=C(c5ccc(OC)cc5)c(c5cc6ccccc6c1c25)c34)c1ccc(OC)cc1,1.915900011,0.0702,1.033581467
308534,IHUNAB,10.1016/j.tet.2009.06.098,COc1ccc2[N+](=C(I)C(=O)c2c1)[O-],3.058700018,0.0111,1.605020254
710433,TUSLOK,10.1016/j.poly.2015.09.034,Oc1ccccc1C1=CC(=C(N1)N=C1N=C(C=C1c1ccccc1)c1ccccc1O)c1ccccc1,2.378400014,0.7519,1.265245594
290404,HOZNER,10.1021/cg5010165,Brc1ccc(cc1)C1=C2C(=O)N(Cc3ccccc3)C(=C2C(=O)N1Cc1ccccc1)c1ccc(Br)cc1,2.640500016,0.6197,1.396436851
133951,DEZVEJ,10.1002/zaac.19855250608,CC(C)(C)N=S=NSN=S=NC(C)(C)C,3.38940002,0.53,1.771294361
514600,OKEQAW,10.1016/S0040-4020(03)00877-9,COC(=O)C1=C(OC)C(=C(C(=O)OC)C1=CC=C1C(=C(OC)C(=C1C(=O)OC)OC)C(=O)OC)OC,2.833300017,0.1889,1.494643284
177494,ERASIA,10.1002/anie.201101314,c1cc2cc3cc(ccc13)c1ccc3ccc(cc3c1)c1ccc3ccc(cc3c1)c1ccc3ccc(cc3c1)c1ccc3ccc(cc3c1)c1ccc3ccc2cc3c1,2.608700016,0.022,1.382371831
813827,XAVHEJ,10.1002/adma.201004325,CC(C)[Si](C#Cc1c2cc3ccccc3cc2c(C#C[Si](C(C)C)(C(C)C)C(C)C)c2nc3ccccc3nc12)(C(C)C)C(C)C,2.035700012,0.2156,1.096352146
451549,MOGSEI,10.1039/C4TC00550C,Clc1ccc2NC(C(=O)c2c1)=C1Nc2ccc(Cl)cc2C1=O,2.527100015,0.3466,1.342328645
55862,BILRUB10,10.1098/Rspb.1978.0066,CC1=C(C=C)C(NC1=O)=CC1=C(C)C(=C(CC2=C(CCC(O)=O)C(=C(N2)C=C2NC(=O)C(=C2C)C=C)C)N1)CCC(O)=O,2.534500015,0.4195,1.346116197
178264,EROCUK,10.1107/S1600536811016539,COC(=O)C1Cc2cc(OC)c(OC)cc2C(=[N+]1[O-])c1ccccc1OC,3.799900023,0.0538,1.979230976
685285,TEDBUZ,,CN1N(C(=O)C(=C1C)NC(=O)NC(=O)c1ccccc1)c1ccccc1,1.798300011,0.0077,0.9785034469
499082,NUQSID,10.1039/C5TC02287H,C(C=C1CC2=C(S1)SC1=C2SC(C1)=CCc1ccccc1)c1ccccc1,3.074600018,0.0549,1.616727435
17775,AMIXAX,10.1039/C6DT01226D,Cc1ccc(cc1)C1=NN(c2c(F)c(F)c(F)c(F)c2F)[B-](F)(F)[N+](=N1)c1ccccc1,2.737000016,0.2387,1.448048413
308970,IJAZOK,10.1002/chem.201503856,CC(C)[Si](C#CC1=C2N=C3C=Cc4ccccc4C3=NC2=C(C#C[Si](C(C)C)(C(C)C)C(C)C)C2=NSN=C12)(C(C)C)C(C)C,2.303000014,0.3271,1.231424835
36260,BACCOX,,[O-]c1ccc(cc1)N=N[P+](N1CCCCC1)(N1CCCCC1)N1CCCCC1,3.014400018,0.0029,1.587784318
883358,ZEFMOM,10.1246/bcsj.67.1931,CCOC(=O)C1=C2N(C(CC3=C2Nc2ccccc32)C(=O)OC)C(=O)C1=C1C(=O)N2C(CC3=C(Nc4ccccc34)C2=C1C(=O)OCC)C(=O)OC,2.187400013,1.0592,1.174793589
712967,UBEQUQ,10.1039/C6CE02157C,CCOC(=O)CN1C(=O)C2=C(NC(=O)C2=C1C1=CC=CS1)C1=CC=CS1,2.712600016,0.5777,1.437551621
41446,BAQTIZ,10.1021/acs.joc.6b02713,O=C1CC(CCOCc2ccccc2)[N+]([N-]1)=C1c2ccccc2c2ccccc12,3.439600021,0.4531,1.801166203
834563,XOSQIH,10.1016/j.saa.2014.09.123,CC(=O)Nc1cc(ccc1N=Nc1ccc(cc1Cl)N(=O)=O)N(CCOC(C)=O)CCOC(C)=O,0.9164000055,0.0063,0.5397204072
817670,XEGLIG,10.1021/ol300851m,CCOC(=O)C1=C(C)N([BH2-][C+]2N(C=CN2c2c(cccc2C(C)C)C(C)C)c2c(cccc2C(C)C)C(C)C)N=N1,1.385300008,0.0032,0.7745971099
519375,ONOLAF,10.1002/ejic.201001011,COc1cc(N=[NH+]c2cccc3cccnc23)c([O-])c(c1)C(C)(C)C,2.750100016,0.5072,1.45722382
292686,HUHMEE,10.1039/C5CC04492H,Cc1cccc(C)c1N=C1C(Nc2ccccc12)=C1Nc2ccccc2C1=O,2.480400015,0.2223,1.322383244
171832,EMAPAL,,CCCCCCCCN1C(=O)C2=C(N(CCCCCCCC)C(=O)C2=C1C1=CC=CS1)C1=CC=CS1,2.665900016,0.5638,1.41567775
17773,AMIWUQ,10.1039/C6DT01226D,CC(C)(C)C1=NN(c2ccccc2)[B-](F)(F)[N+](=N1)c1ccccc1,3.059600018,0.0004,1.612702327
274475,HESCIR10,10.1016/0022-328X(94)05259-E,Clc1ccc(cc1)N1N=C2C(=CC(=CC2=C(C1c1ccccc1)c1ccccc1)Cl)C(=Cc1ccccc1)c1ccccc1,2.610700016,0.2498,1.389155085
30356,AWOJIF,10.1016/S0040-4020(02)01423-0,CCOc1ccc(cc1)[N+]1=NOC(=C1C1=NOC2(C)C1C(=O)N(C2=O)c1ccccc1)[O-],3.954200024,0.2091,2.061018604
804329,WUPJAU,10.1002/anie.201507573,Cc1cc(C)c(c(C)c1)C1=C2C=C3c4ccccc4C(=C3C=C2Sc2ccccc12)c1c(C)cc(C)cc1C,2.129100013,0.3266,1.149289447
669022,SUDZEY,10.1142/S1088424614500692,CC1=C2NC=C1C(C1=CC=C(N1)C(=C1C=CC(=N1)C(=C1NC(=C2c2ccccc2)C=C1)c1ccccc1)c1ccccc1)c1ccccc1,2.017000012,0.4798,1.09346012
654692,SICTEF,10.1021/jo301247c,CCOC(=O)N1C=CC(C=C1)=C1OC(=O)C=C1C,3.524400021,1.0722,1.847616827
802140,WUGGIO,,CN(C)c1nc(N2c3ccccc3Sc3ccccc23)c2c(nc(N3c4ccccc4Sc4ccccc34)c12)N(C)C,2.581700015,0.28,1.376413898
452441,MOKMEG,10.1039/C4SC01769B,CC(C)(C)c1ccc(cc1)C1=C2SC3=C4C(=C(c5ccc(cc5)C(C)(C)C)c5ccccc45)SC3=C2c2ccccc12,2.293500014,0.9831,1.232467031
103625,COHYEE,10.1021/ja803553a,COC(=O)C12C(CCCC1=NNc1ccc(cc1N(=O)=O)N(=O)=O)C2=C=C,1.832700011,0.0015,1.002373818
562776,PUBPEJ,10.1021/jo502206g,CCN(CC)C=CC=C(O)C=C1C(=O)N(C)C(=O)N(C)C1=O,2.990600018,1.4882,1.582032103
830587,XODFAX,,O=C1NC(=C2C(=O)NC(=C12)c1ccc(cc1)c1ccccc1)c1ccc(cc1)c1ccccc1,2.716200016,0.8788,1.44542714
319368,IQITAE,10.1246/cl.2010.771,Cc1ccc(C)c2cc3c(cc12)c(c1ccccc1)c1cc2c(C)ccc(C)c2cc1c3c1ccccc1,2.012700012,0.0101,1.094311292
768779,VUDBON,10.3762/bjoc.11.54,C=CCN1c2ccccc2C(=O)C1=C1Nc2ccccc2C1=O,2.500700015,0.2815,1.338586127
105808,COQBIV,10.1039/C4CP02629B,COc1ccccc1C1=CC(=C(N1)N=C1N=C(C=C1c1ccccc1)c1ccccc1OC)c1ccccc1,2.345000014,0.692,1.261150008
815526,XAZJIU,10.1080/00397911.2017.1279630,COc1ccc(cc1)[N+]1=NOC(=C1C1=NOC(=N1)CN1C=C(N=N1)c1ccccc1)[O-],4.149700025,0.2368,2.163886075
635738,RUSFUH,10.1021/ol900838a,CCCCCCC1=CC=C(S1)c1c2cc3ccccc3cc2c(C2=CC=C(CCCCCC)S2)c2cc3ccccc3cc12,2.192400013,0.1703,1.185280313
64506,BOSBIW,10.1039/C4TC01563K,O=C1C(Nc2ccc(cc12)c1ccccc1)=C1Nc2ccc(cc2C1=O)c1ccccc1,2.462500015,0.4635,1.320354091
188687,EZAFUI,10.1039/C6CC08079K,COc1ccc(cc1)N(C)C=CC=C(O)C=C1C(=O)OC(C)(C)OC1=O,2.948800018,1.7456,1.563605641
255847,GUBCOX,10.1002/adfm.201402678,CCCCCCN1c2ccccc2C(C)(C)C1=CC=C1SC(N=C1C(C)(C)C)=C(C#N)C#N,2.482300015,2.4116,1.330587748
945348,PEWVEV,10.1016/j.tet.2018.03.019,OC(=O)C1=[N+]([N-]OC1=O)c1ccccc1,4.251500025,0.075,2.215207563
554191,PIYZII,10.1016/j.tetlet.2014.03.064,Cc1ccc(cc1)C(O)C(Br)C(=O)c1ccc(C)cc1,1.218800007,0.0005,0.6991121835
67913,BUBPUK,10.1021/ja8093313,CC(C)(C)[Si](c1cccc2ccccc12)=[Si]1C(CCC1([Si](C)(C)C)[Si](C)(C)C)([Si](C)(C)C)[Si](C)(C)C,2.961000018,0.0067,1.571790554
757021,VIFZUG,10.1002/chem.200601735,CN(C)c1ccc(cc1)C#CC(=CC=C(C#N)C#N)C=C(N1CCCCC1)c1ccc(cc1)N(C)C,2.854300017,1.0692,1.520167835
642597,SAPDES01,10.1107/S0108768192003033,O=C1NC(=C2C(=O)NC(=C12)c1ccccc1)c1ccccc1,2.885200017,0.5089,1.535806953
712964,UBEQOK,10.1039/C6CE02157C,CCOC(=O)CN1C(=O)C2=C(N(CC(=O)OCC)C(=O)C2=C1C1=CC=CS1)C1=CC=CS1,2.657200016,0.5947,1.422316239
,,,,,,
,,,,,,
382358,KOHJAT,10.1055/s-2008-1067207,CCCCCCCCCCCCSC1=[N+]([O-])c2ccc(OC)cc2NC1=O,3.616700022,0.2485,1.902849163
816555,XECRUT,10.1021/jo052188g,CCOC(=O)CN1C=C2C=C1C(=C1C=CC(=N1)C(=C1NC(=C(c3ccccc3)C3=NC(=C2c2ccccc2)C=C3)C=C1)c1ccccc1)c1ccccc1,1.891900011,0.1989,1.042018357
717047,UDIVUZ,,OC1=C(Br)C=C(Br)C=C(Br)C1=O,3.038000018,0.1295,1.615771227
889981,ZITFEP,10.1080/10426507.2013.800984,Cc1ccc(SC(Sc2c(Cl)c(Cl)c(Cl)c(Cl)c2Cl)=S=O)cc1,3.666100022,0.0526,1.930706818
325445,IVIPIN,10.1021/ol200748c,CC(C)[Si](C#CC1=C2C=C3SC=CC3=CC2=C(C#C[Si](C(C)C)(C(C)C)C(C)C)C2=NSN=C12)(C(C)C)C(C)C,2.179400013,0.2557,1.187372052
481049,NEZPUF,10.1246/bcsj.20120240,CCCCCCCCCCCCCCCCN1c2ccccc2C(=O)C1=C1Nc2ccccc2C1=O,2.469700015,0.2625,1.332613092
159564,ECIMAG,10.1039/c2ob26515j,CCN(CC)c1ccc(cc1)C=CC(c1ccc(cc1)N(C)C)=C1SC(N=C1c1ccccc1)=C(C#N)C#N,2.340900014,1.16,1.268326195
798387,WOMYII,10.1038/ncomms5245,Cc1cc(C)c(c(C)c1)C(=[O+]B1OC(C)(C)C(C)(C)O1)[B-](=C=O)c1c(C)cc(C)cc1C,3.27030002,0.0022,1.734553549
362058,KANWEB,10.1039/c39890001102,N#CC(C#N)=C1C=CC(C2=NSN=C12)=C(C#N)C#N,3.595200022,1.0656,1.897140486
755226,VEYQEW,10.1021/ja063519p,CC(C)c1ccb2c(c1)c1cc(ccb1n1ccccn21)C(C)C,2.752900016,0.3332,1.476157202
951682,CIHXUP,10.1002/cptc.201700228,Cc1ccc(cc1)N1c2ccccc2C(=O)C1=C1N(c2ccc(C)cc2)c2ccccc2C1=O,2.301400014,0.1744,1.250435253
225736,FUSJEJ,,CN1C(=CC2=C1C1=NO[N+](=C1C=C2N(=O)=O)[O-])c1ccccc1,3.247700019,0.0548,1.724382205
729057,UNIHIJ,10.1021/ja107046s,CC(C)[Si](C#Cc1c2cc3cccnc3cc2c(C#C[Si](C(C)C)(C(C)C)C(C)C)c2cc3cccnc3cc12)(C(C)C)C(C)C,2.189400013,0.2472,1.196183643
831052,XOFREP,10.1016/S0040-4020(02)00443-X,CN1C(=O)C2=C(N(C)C(=O)C2=C1C1=CC=CO1)c1ccccc1,2.855200017,0.4626,1.529319568
852290,YECZAH,,COc1ccc2CC3N(C)CCC45C(Oc1c24)C1(OC)C=CC35CC1S(=O)(=O)C=C,1.486000009,0.0006,0.8450958221
71284,BUPPUZ,10.1039/C5TC01023C,Ic1ccc2NC(C(=O)c2c1)=C1Nc2ccc(I)cc2C1=O,2.544300015,0.3895,1.374543115
951684,CIHYEA,10.1002/cptc.201700228,CN(C)c1ccc(cc1)N1c2ccccc2C(=O)C1=C1Nc2ccccc2C1=O,2.450000015,0.2475,1.327790146
593091,QOQMAL,10.1002/anie.200804228,CC(=C)C1CCC(C2CCC3C4OCC5(C=C23)C2CCC45C3OC(C)(C)OC4C(CCC234)C(C)(C)O)C1OC(=O)Nc1ccc(Br)cc1,3.40480002,0.0135,1.805364376
547992,PHSPRL,,CC(C)(O)P(=O)(c1ccccc1)c1ccccc1,0.8045000048,0.0017,0.505264263
679723,TAPJUP,10.1107/S0108270191009125,CC1(O)c2ccccc2[N+]2=NOC(=C12)[O-],3.980300024,0.0661,2.093621326
840621,XURBOC,10.1021/jo901142f,CC(C)(C)C1=CC(=CC=C2C(=O)ON=C2c2ccccc2)C=C(O1)C(C)(C)C,3.156400019,1.08,1.681978976
797450,WOKCEF,10.1016/j.mencom.2008.11.002,CC1(C)C(=O)C(=Cc2ccccc2)C(=N1=O)C(F)(F)F,3.476700021,0.0477,1.84237839
748761,VEBJES,10.1021/ja0570786,c1ccc(cc1)c1c2ccccc2c(c2ccccc2)c2cc3c(cc12)c(c1ccccc1)c1ccccc1c3c1ccccc1,2.160800013,0.1685,1.184471863
172236,EMETIB,10.1039/C6DT01249C,OC1=C2SSN=C2c2ccccc2C1=O,3.133700019,0.2645,1.671155648
748769,VEBJOC,10.1021/ja0570786,c1ccc(cc1)c1ccc(c2ccccc2)c2cc3c(cc12)c(c1ccccc1)c1cc2c(ccc(c4ccccc4)c2cc1c3c1ccccc1)c1ccccc1,2.131800013,0.1732,1.170624533
366263,KAZROU,10.1016/j.poly.2012.05.018,C(COc1ccccc1)CN1C=C2C=C1C(=C1C=CC(=N1)C(=C1NC(=C(c3ccccc3)C3=NC(=C2c2ccccc2)C=C3)C=C1)c1ccccc1)c1ccccc1,1.885900011,0.1737,1.048749365
650236,SELNII,10.1021/jo3000817,CN1C=C2C=C1C(=C1C=CC(=N1)C(=C1NC(=C(c3ccccc3)C3=NC(=C2c2ccccc2)C2C3ON=C2c2c(Cl)cccc2Cl)C=C1)c1ccccc1)c1ccccc1,2.034600012,0.1707,1.123132231
383161,KOKTUB,10.1039/C4OB01088D,CC(C)(C)Sc1cc[n+]([O-])c2cc(Cl)ccc12,3.767800023,0.0016,1.990008589
563044,PUCPIN,10.1021/ja809045s,CC(C)[Si](C#Cc1c2cc3SC=Cc3cc2c(C#C[Si](C(C)C)(C(C)C)C(C)C)c2cc3c(Cl)c(Cl)c(Cl)c(Cl)c3cc12)(C(C)C)C(C)C,2.137200013,0.2341,1.175702994
10793,AHIJIL,10.1002/jhet.84,CC(C)[N+]([O-])=C1C(=O)N(C)c2ccccc12,3.557100021,0.0934,1.886304368
938910,DEVMUP,10.1002/chem.201704314,CC(C)(C)c1ccc(cc1)C(=C=C=C1c2cc3ccccc3cc2C(=O)c2cc3ccccc3cc12)c1ccc(cc1)C(C)(C)C,2.501600015,0.8145,1.358790172
519482,ONOYEW,10.1002/anie.201007654,CC(C)[Si](C#Cc1c2ccccc2c(C#C[Si](C(C)C)(C(C)C)C(C)C)c2nc3nc4ccccc4nc3nc12)(C(C)C)C(C)C,1.921400011,0.1674,1.0689862
530189,OZUYIS,10.1021/om2004139,N1C2=C(c3ccccc3)C3=NC(=C(c4ccccc4)c4ccc(c5ccccc45)C(=C4C=CC(=N4)C(=C1C=C2)c1ccccc1)c1ccccc1)C=C3,2.046600012,0.3253,1.131654292
589,ABELID,10.1107/S1600536804020082,OC1(Cc2ccccc2)c2ccccc2[N+]2=NOC(=C12)[O-],3.983800024,0.0601,2.100753212
652246,SESNOT,10.1021/cm00004a007,COc1ccc(CC2=CC(C(=CC2=C(C#N)C#N)Cc2ccc(OC)cc2)=C(C#N)C#N)cc1,2.606900016,0.0005,1.412364491
477654,NENJUL,,CCNc1ccc(NCC)c2C(=O)c3ccccc3C(=O)c12,2.462500015,0.2514,1.340521129
748775,VEBKAP,10.1021/ja0570786,c1ccc(cc1)c1c2cc3ccccc3cc2cc2cc3ccccc3cc12,2.245900013,0.0479,1.232571795
334384,JAJPIW,10.1016/j.poly.2013.08.046,N#Cc1ccc(CN2C=C3C=C2C(=C2C=CC(=N2)C(=C2NC(=C(c4ccccc4)C4=NC(=C3c3ccccc3)C=C4)C=C2)c2ccccc2)c2ccccc2)cc1,1.872300011,0.1901,1.045785773
677073,TAHHOA,,CN1C(=NC#N)C2=C(N(C)C(=NC#N)C2=C1c1ccccc1)c1ccccc1,2.839900017,0.2943,1.52993509
334243,JAJCEF,,Nc1nc2ccc(Cl)cc2c(c2ccccc2)c1c1ccccc1,2.723300016,0.3305,1.471850212
552897,PIVCAZ,10.1021/ja076819v,CCCc1c2cc3ccccc3cc2c(CCC)c2cc3ccccc3cc12,2.242000013,0.1092,1.232002261
58196,BIWMEZ,,CC1=NN(C(=O)C1=NNc1ccc(Cl)cc1)c1ccccc1,3.084500018,0.4555,1.653704714
634541,RUNLET,10.1002/chem.201501399,CN(C)c1ccc(cc1)c1c2cc3ccccc3cc2c(c2cc3ccccc3cc12)C(F)(F)F,2.217000013,0.1287,1.22053239
712972,UBEREB,10.1039/C6CE02157C,CC(C)(C)OC(=O)N1C(=O)C2=C(N(CCCCCCBr)C(=O)C2=C1C1=CC=CS1)C1=CC=CS1,2.712000016,0.6145,1.468096673
451540,MOGROR,10.1039/C4TC00550C,Fc1ccc2C(=O)C(Nc2c1)=C1Nc2cc(F)ccc2C1=O,2.715100016,0.337,1.470048818
916957,BEDVAK01,10.1021/acs.jpclett.7b01643,CCCCCCC1=Cc2c(S1)c1SC(=Cc1c1nc3cc(Br)c(Br)cc3nc21)CCCCCC,2.593300016,0.0834,1.409976964
285011,HOFTAX,10.1093/carcin/20.1.147,O=N(=O)c1ccc2C3OC3c3cccc4C5OC5c1c2c34,1.014200006,0.0002,0.6206990401
940530,GEZHAX,10.1016/j.tet.2018.04.015,O=P(Oc1ccccc1)(Oc1ccccc1)[N-]C1=C[N+](=NO1)c1ccccc1,3.930300024,0.1247,2.079102746
666629,SOVNEX,10.1016/j.molstruc.2008.12.020,Oc1cc2OC3=CC(=O)C(=CC3=C(c3ccccc3)c2cc1O)O,2.817600017,0,1.522943397
644874,SAVGUT,10.1002/chem.201103002,CCOC(=O)C1=C2C=CC=CC2=C(N1)C(c1ccccc1)=C1N=C(C(=O)OCC)c2ccccc12,2.516100015,0.8027,1.372775736
191508,FADYER,,Cc1cc[n+]([O-])c2ccccc12,3.816600023,0.0019,2.023112437
238123,GEHMEL,10.1016/S0040-4020(01)85891-9,O=C(C1N(C2CCCCC2)C(N(C1=S)c1ccccc1)c1ccccc1)c1ccccc1,2.772600017,0.0011,1.501626542
513614,OJOLAC,,CC1(C)OCC(CO1)(N=O)N(=O)=O,0.4252000025,0,0.328506616
590825,QOHGEB,10.1021/cg5010165,Ic1ccc(cc1)C1=C2C(=O)N(Cc3ccccc3)C(=C2C(=O)N1Cc1ccccc1)c1ccc(I)cc1,2.734400016,0.6523,1.484169894
353032,JUBPIH,10.1021/acs.joc.5b00021,COc1ccc(cc1)C(=C1SC2=CC(SC2=C1)=C(c1ccc(OC)cc1)c1ccc(OC)cc1)c1ccc(OC)cc1,2.704800016,1.5504,1.46940935
669917,SUJHOW,10.1021/jo501969z,COC(=O)CCC1=C2N(C(=C1C)C#C[Si](C)(C)C)[B-](F)(F)[N+]1=C(C#C[Si](C)(C)C)C(=C(CCC(=O)OC)C1=C2C#C[Si](C)(C)C)C,2.393500014,0.6294,1.313976014
676022,TADVEZ,10.1039/p19900002537,CCOC(=O)C1CN(c2ccccc2)C2([N-][N+](=NC12c1ccccc1)c1ccccc1)c1ccccc1,3.729100022,0.0182,1.981928713
30362,AWOJUR,10.1016/S0040-4020(02)01423-0,[O-]C1=C([N+](=NO1)c1ccccc1)C1=Nc2ccccc2S1,3.841800023,0.4865,2.038570027
105817,COQCAO,10.1039/C4CP02629B,COc1ccccc1C1=CC(=C(N1)N=C1N=C(C=C1c1ccccc1)c1ccccn1)c1ccccc1,2.404700014,0.6474,1.32005014
848631,YARNUB,,COc1ccc(cc1)[N+]1=NOC(=C1C1=Nc2ccccc2S1)[O-],3.831000023,0.4849,2.033994977
567985,PUWXIQ,10.1021/cg5011538,CC(C)[Si](C#Cc1c2ccccc2c(C#C[Si](C(C)C)(C(C)C)C(C)C)c2nc3cc(Br)c(Br)cc3nc12)(C(C)C)C(C)C,2.222500013,0.1343,1.229796778
637415,RUYVAI,10.1246/bcsj.75.1795,S1C=CC=C1C1=C2C=CC3=C4C(=C(S3)C3=CC=CS3)C=CC(=C24)S1,2.510900015,0.8751,1.374183381
748489,VAZPAO,10.1107/S160053680503984X,O=C1NC(=C2C(=O)NC(=C12)c1cccnc1)c1cccnc1,2.906900017,0.5111,1.572220984
51084,BETSUO,10.1016/S0040-4039(00)86730-1,O1C(=CC(C=C1c1ccccc1)=C1C(C(c2ccccc2)C1=C1C=C(OC(=C1)c1ccccc1)c1ccccc1)c1ccccc1)c1ccccc1,2.556300015,1.0107,1.397118496
134753,DICLIK,10.1107/S0108270186096816,CCN1C(=O)c2ccc3c4ccc5C(=O)N(CC)C(=O)c6ccc(c7ccc(C1=O)c2c37)c4c56,2.369200014,1.4051,1.30358453
24957,ASEPUJ,10.1002/adma.200304935,Cc1cc2cc3cc4cc5cc(C)c(C)cc5cc4cc3cc2cc1C,2.251600013,0.0588,1.245375296
467473,NAHXUR,10.1002/ejoc.201000792,O=C1NC(C=C1)=C(C1=CC=C(S1)C(=C=C=C(C1=CC=C(S1)C(=O)c1ccccc1)c1ccccc1)c1ccccc1)c1ccccc1,2.370000014,1.212,1.30475462
287212,HONPOR,10.1246/cl.140361,BrC1=C(Br)C2=C(Br)c3ccccc3C2=C2c3ccccc3C(=C2c2ccccc12)Br,2.571600015,0.289,1.405604095
237301,GEFBAU,10.1002/jhet.5570250238,CC(C)SC1=C2C(=S=C(SC(C)C)C2=C(SC(C)C)S1)SC(C)C,2.701500016,0.2618,1.470947882
567983,PUWXEM,10.1021/cg5011538,CC(C)[Si](C#Cc1c2ccccc2c(C#C[Si](C(C)C)(C(C)C)C(C)C)c2nc3cc(I)c(I)cc3nc12)(C(C)C)C(C)C,2.124100013,0.0287,1.182292503
951683,CIHYAW,10.1002/cptc.201700228,Cc1ccc(cc1)N1c2ccccc2C(=O)C1=C1Nc2ccccc2C1=O,2.504000015,0.2758,1.372373007
634526,RUNKES,10.1002/chem.201501399,COc1ccc(cc1)c1c2cc3ccccc3cc2c(c2cc3ccccc3cc12)C(F)(F)F,2.222800013,0.1143,1.232306484
343638,JEZPOT,10.1039/c39900001675,CCOC(=O)C(O)=CC1=[N+]([O-])c2ccccc2NC1=O,3.172800019,0.0108,1.707545596
669020,SUDZAU,10.1142/S1088424614500692,ClC1=C2NC=C1C(C1=CC=C(N1)C(=C1C=CC(=N1)C(=C1NC(=C2c2ccccc2)C=C1)c1ccccc1)c1ccccc1)c1ccccc1,2.097400013,0.5075,1.170129014
292132,HUFRIL,10.1039/C5OB00889A,Oc1ccccc1C1=C2C=CC(=[N+]2[B-](F)(F)N2C(=CC=C12)Br)N1CCOCC1,2.825000017,0.6417,1.534245373
483066,NIHBEN,10.1021/jo301114k,Cc1ccc(cc1)C1=[N+]([O-])C(C)(C)Cc2ccccc12,3.768100023,0.0298,2.00620154
560227,POVDOT,10.1107/S0108270198005563,CC(C)(C)c1ccc(cc1)C1=C2C(=O)NC(=C2C(=O)N1)c1ccc(cc1)C(C)(C)C,2.844700017,0.7042,1.544794955
755425,VEZGEN,10.1016/j.tet.2007.01.066,CCOc1ccc(cc1)[N+]1=NOC(=C1C1=NC(=C(N1CC(C)C)c1ccc(F)cc1)c1ccc(F)cc1)[O-],4.117400025,0.3976,2.181528304
824839,XIHKAA,,Oc1c(SCc2ccccc2)c(SCc2ccccc2)c(O)c2ccccc12,3.26430002,0.0693,1.755047259
98560,CIVJEY,10.1021/ic401507d,O=C(CN1C=C2C=C1C(=C1C=CC(=N1)C(=C1NC(=C(c3ccccc3)C3=NC(=C2c2ccccc2)C=C3)C=C1)c1ccccc1)c1ccccc1)OCc1ccccc1,1.917500011,0.1705,1.082012018
899334,ZUXGAC,10.1021/acs.joc.5b02051,CCN1C(Sc2ccccc12)=CC=C1OC(=O)C(=C1c1ccccc1)C#N,2.841200017,1.3202,1.544038751
316941,IPAKOB,10.1021/acs.joc.5b00037,[O-][n+]1c(ccc2ccccc12)C1=NC=C(O1)c1ccccc1,3.429900021,0.0095,1.838630022
577822,QAYLEI,,O=C1[N-][N+](=Nc2ccc(Nc3ccccc3)cc2)c2ccccc12,3.060700018,0.0002,1.654328671
272791,HEJCAC,10.1002/ejoc.201200761,CN1C(=O)C2=C(N(C)C(=O)C2=C1c1ccc(cc1)B1OC(C)(C)C(C)(C)O1)c1ccc(cc1)B1OC(C)(C)C(C)(C)O1,2.745700016,0.6306,1.496859651
681418,TATGEA,10.1016/0040-4039(95)02257-0,OCC1OC(C(O)C1O)[N+]1=CC(=O)N2C=CN=C2[N-]1,3.608900022,0.187,1.929173674
532558,PAHLUF,10.1021/ic00037a009,CC(C)(C)c1cc2N=C3C(=O)C(=CC(=C3Oc2c(c1)C(C)(C)C)C(C)(C)C)C(C)(C)C,2.374200014,0.2009,1.312141151
229688,GAGMUY,,OC1(CC(=C2CCCCC2=[N+]1[O-])c1ccccc1)c1c(F)c(F)c(F)c(F)c1F,3.881700023,0.6213,2.066135977
782602,WEBKAP,10.1107/S0108768193007645,Clc1cccc(c1)C1=C2C(=O)NC(=C2C(=O)N1)c1cccc(Cl)c1,2.871800017,0.5198,1.561541386
169841,EKUFAT,10.1039/C6PY00346J,CCN1C(=O)C2=C(N(CC)C(=O)C2=C1c1ccc(Br)cc1)c1ccc(Br)cc1F,2.870400017,0.4549,1.560947633
741815,VAGPEZ,,CC(C)(C)c1ccc(cc1)C1=C2C(=O)NC(=C2C(=O)N1)c1ccccc1,2.928200018,0.5718,1.590059189
199421,FEBBUL,10.1039/c2ob25351h,C[Si](C)(C)CCOCN1C=C2C=C1C(=C1C=CC(=N1)C(=C1NC(=C(c3ccccc3)C3=NC(=C2c2ccccc2)C=C3)C=C1)c1ccccc1)c1ccccc1,1.926100012,0.1507,1.089085618
951685,CIHYIE,10.1002/cptc.201700228,O=C1C(Nc2ccccc12)=C1N(c2ccccc2)c2ccccc2C1=O,2.551100015,0.2756,1.401752867
712986,UBESAY01,10.1002/poc.3548,CCC(C)CN1C(=O)C2=C(N(CC(C)CC)C(=O)C2=C1C1=CC=CS1)C1=CC=CS1,2.747000016,0.5016,1.499967192
419812,LOTKEK,10.1016/S0040-4039(00)00599-2,C[Si]1(C)O[Si](C)(C)C2CC(=NO2)c2cccc(n2)C2=[N+]([O-])ON=C2c2cccc(n2)C2=NOC1C2,4.357600026,0.043,2.305337929
172253,EMEVOJ,10.1039/C6DT01249C,CC(=O)OC1=C2SSN=C2c2ccccc2C1=O,3.29190002,0.2896,1.772643229
542910,PELHET,10.1055/s-1992-26251,CC(C)(C)N1C(=O)N2N=C3N(N=C2C1=O)C(=O)N(C3=O)C(C)(C)C,1.495900009,0,0.8747007206
607185,RAKVAB,,Nc1ccccc1C1=C2C=C(O)C(=O)C=C2CCN1,3.173000019,0.0007,1.713398983
781852,WAXFAE,,O=N(=O)C1=CC(=C2C=C(C(=NN(c3ccccc3)c3ccccc3)C3=NON=C23)N(=O)=O)C2=NON=C2C1=NN(c1ccccc1)c1ccccc1,2.387100014,1.8006,1.320633824
38362,BAHQAC,10.1021/jo980964x,CN1CCC2=C(Br)C(=O)C3=C(C2=C1)S(=O)(=O)CCN3,3.152800019,0.341,1.703809854
425661,LUTLER,10.1002/ejic.200390016,Fc1cc(F)c2SN=S=Nc2c1,1.936100012,0.0085,1.095532267
136030,DIHDUU,10.1016/j.dyepig.2006.05.024,C=CCN1C(=O)C2=C(N(CC=C)C(=O)C2=C1c1ccccc1)c1ccccc1,2.912600017,0.444,1.584290104
712898,UBEKUH,,Cc1ccc(cc1)N1N=C(N(Nc2ccc(Cl)cc2)C1=O)C1=C([O-])ON=[N+]1c1ccc(C)cc1,4.145200025,0.2395,2.200758318
51352,BEVPUP,10.1021/ol303490b,CC(C)[Si](C#CC1=C2C=CC=CC2=C(C#C[Si](C(C)C)(C(C)C)C(C)C)C2=N[Se]N=C12)(C(C)C)C(C)C,2.376300014,0.0281,1.317072942
209036,FIHSEV,10.1016/j.bmc.2004.06.033,CCOC(=O)C1=C(C)N(C(S1)=NN=CC1=C([O-])ON=[N+]1c1ccc(C)cc1)c1ccccc1,3.40520002,0.443,1.832073983
669759,SUHVOI,10.1021/jo501969z,COC(=O)CCC1=C2N(C(=C1C)C#C[Si](C)(C)C)[B-](F)(F)[N+]1=C(C(=C(CCC(=O)OC)C1=C2C#C[Si](C)(C)C)C)C1=CC=CS1,2.386800014,0.6538,1.323581361
897398,ZULKAS,10.1007/BF01433754,C=CCN1C=CC(=CC(C#N)=C2C(=O)c3ccccc3C2=O)c2ccccc12,2.625800016,1.1316,1.443140568
543542,PENCEN03,10.1107/S010827010100703X,c1ccc2cc3cc4cc5ccccc5cc4cc3cc2c1,2.135800013,0.0616,1.198389942
639919,SAHDUD,10.1021/acs.joc.6b02821,CC1(C)NN=C(C=[N+]1[O-])c1ccccc1,3.30840002,0.0202,1.784802637
930263,SEKSEJ,10.1021/jacs.7b08726,O=C1c2ccccc2N(c2ccccc2)C1=C1N(c2ccccc2)c2ccccc2C1=O,2.324500014,0.1691,1.293024336
514266,OKANOE,10.1016/j.synthmet.2010.09.025,Brc1cc2cc3cc4cc5ccccc5cc4cc3cc2cc1Br,2.306400014,0.0605,1.284598331
169835,EKUDOF,10.1039/C6PY00346J,CCCCN1C(=O)C2=C(N(CCCC)C(=O)C2=C1c1ccc(Br)cc1)c1ccc(Br)c(F)c1,2.944200018,0.4741,1.603612636
205344,FETVIL,10.1002/anie.201208058,Cc1cc(C)c(c(C)c1)C(=C=C=C=C=C=C=C(c1c(C)cc(C)cc1C)c1c(C)cc(C)cc1C)c1c(C)cc(C)cc1C,2.140200013,0,1.201786467
813371,XATFOO,10.1021/jo050766n,CCCCCN1C(=O)c2cc(Cl)c3c4c(Cl)cc5C(=O)N(CCO)C(=O)c6cc(Cl)c(c7c(Cl)cc(C1=O)c2c37)c4c56,2.428900015,0.5482,1.346231029
843709,YACQUO,10.1021/om991027y,COC(=O)C1=C(C(=O)OC)C(OC1=O)=CNC(C)C,3.600800022,0.6995,1.93227901
598143,QUBVIS,10.1016/S0040-4039(01)00327-6,COC1=C(C#N)C(C(=C1OC)C#N)=C1C(=C(OC)C(=C1C#N)OC)C#N,2.566200015,0.0019,1.415380057
141191,DMBCRY,10.1039/p29740001445,Cc1c2cccc3ccc4c(C)c5cccc6ccc1c(c56)c4c23,2.908700017,0.994,1.587213967
939052,DEWYIQ,10.1016/j.tetlet.2018.01.019,C[N+]1=NOC(=C1)[N-]C(=O)OC(C)(C)C,4.155600025,0.2553,2.210677902
946418,REVKAH,10.1021/acs.joc.7b02867,CCOC(=O)NC(=S=O)c1cccc2ccccc12,4.065500024,0.2746,2.165970467
836387,XOZHUR,10.1016/j.mencom.2014.11.027,CC(C)[n+]1noc2[N-]C(=O)CSc12,3.734200022,0.012,2.000333405
933813,XEKFEB,10.1021/acs.orglett.7b02919,Cc1ccc(cc1)C1=C2NC(=C(C3=NC(=C(c4ccc(C)cc4)c4cccc5c4Sc4c5cccc14)C=C3)c1c(F)c(F)c(F)c(F)c1F)C=C2,2.069700012,0.3063,1.168637558
237968,GEGXAS,10.1002/chem.200501118,Cc1ccc2c3ccc(C)cc3C(c2c1)=C1c2ccccc2Oc2ccccc12,2.488700015,0.3631,1.378421282
157454,EBIGUR,10.1039/b001108h,CC(C)(C)OC(=O)N1C(=O)C2=C(N(C(=O)OC(C)(C)C)C(=O)C2=C1c1ccccc1)c1ccccc1,3.057400018,0.5241,1.663410471
636252,RUTXUA,10.1021/ic1000107,S1N=S=N[As]1c1ccccc1,3.234500019,0.0298,1.752004754
544646,PERFUP,10.1002/chem.201204317,N1C(=CC(=C1N=C1N=C(C=C1c1ccccc1)c1ccccc1)c1ccccc1)c1ccccc1,2.475800015,0.7352,1.373246765
209040,FIHSIZ,10.1016/j.bmc.2004.06.033,COc1ccc(cc1)[N+]1=NOC(=C1C=NN=C1SC=C(N1c1ccccc1)c1ccccc1)[O-],3.39020002,0.4835,1.830543887
534526,PAMYUY,10.1107/S1600536805005829,CC(C)(C)OC(=O)N1C(=O)C2=C(NC(=O)C2=C1c1ccccc1)c1ccccc1,2.879200017,0.5488,1.575190344
387822,KUHKUT,10.1107/S0108768192003033,CN1C(=O)C2=C(N(C)C(=O)C2=C1c1ccccc1)c1ccccc1,2.881100017,0.4347,1.576578397
667593,SOYKUO,10.1039/C4TC02859G,CC(C)[Si](C#Cc1c2cc3nccnc3cc2c(C#C[Si](C(C)C)(C(C)C)C(C)C)c2cc3c(F)c(F)c(F)c(F)c3cc12)(C(C)C)C(C)C,2.217300013,0.2406,1.245933674
865953,YOHNUG,10.1039/C4TC00651H,O=C1C(Nc2cc(ccc12)C1=CC=CS1)=C1Nc2cc(ccc2C1=O)C1=CC=CS1,2.568100015,0.4505,1.421372548
634538,RUNLAP,10.1002/chem.201501399,Fc1c(F)c(F)c2c(F)c3nc4cc5ccccc5cc4nc3c(F)c2c1F,2.173300013,0.0531,1.224072591
334386,JAJPOC,10.1016/j.poly.2013.08.046,FC(F)(F)c1ccc(CN2C=C3C=C2C(=C2C=CC(=N2)C(=C2NC(=C(c4ccccc4)C4=NC(=C3c3ccccc3)C=C4)C=C2)c2ccccc2)c2ccccc2)cc1,1.920800011,0.1775,1.09790129
383060,KOKMIH,10.1021/ol801358c,FC(F)(F)c1ccc(cc1)C1=C2C=CC=CC2=C(O1)C1=C2C=CC=CC2=C(O1)c1ccc(cc1)C(F)(F)F,2.400500014,0.9591,1.337809106
602690,QUTNOK,10.1002/chem.201503511,O=C(Nc1cccc2cc3cccc(NC(=O)OCc4ccccc4)c3[n+]([O-])c12)OCc1ccccc1,2.865500017,0.1755,1.570755161
483015,NIGXIL,10.1021/jo062380y,BrCc1nc2ccc(Br)cc2[n+]([O-])c1CBr,3.531500021,0.0005,1.904147962
327591,IWUPOH,10.1021/acs.joc.6b00758,CCCCC1=[N+]([O-])C2(CCCC(=O)C2)OC1=C(c1ccccc1)c1ccccc1,4.001300024,0.6083,2.139081264
176365,EQETOK,10.1039/c1cc10705d,CC1(C)CC2(C)NCCN2C(=N)C1=[N+](O)[O-],3.843000023,0.0068,2.060237065
352406,JOXSEW,10.1021/jo501724d,COc1ccc(cc1)C1=C2NC(=C(c3ccc(C)cc3)C3=NC(=C(C4=CC=C(S4)C(=C(C)C4=CC=C1S4)C)c1ccc(OC)cc1)C=C3)C=C2,2.012300012,0.4201,1.144956306
221353,FOZTIZ,10.1021/acs.cgd.5b00105,CC(C)[Si](C#CC1=C2N=C3C4=C(SC=C4)C4=C(C=CS4)C3=NC2=C(C#C[Si](C(C)C)(C(C)C)C(C)C)C2=NSN=C12)(C(C)C)C(C)C,2.261300014,0.2914,1.269786085
561510,POZJAQ,10.1021/ja900133m,COc1ccc(cc1)C1=[N+]([O-])C(c2ccc(cc2)C(F)(F)F)C1=Cc1ccccc1,3.866800023,0.0006,2.072890387
755414,VEZFIQ,10.1016/j.tet.2007.01.066,CCOc1ccc(cc1)[N+]1=NOC(=C1C1=NC(=C(N1CC(C)C)c1ccccc1)c1ccccc1)[O-],4.109600025,0.3918,2.194454528
188685,EZAFOC,10.1039/C6CC08079K,CN(C)c1ccc(cc1)N(C)C=CC=C(O)C=C1C(=O)OC(C)(C)OC1=O,2.843700017,1.7687,1.563094067
156089,DUZVUQ,10.1016/j.tet.2010.02.018,CCCCCCCCNc1ccc(NCCCCCCCC)c2C(=O)c3ccccc3C(=O)c12,2.466600015,0.2365,1.374729785
668240,STYPOL,10.1016/S0040-4039(01)85907-4,CC1CCC2C3(C)CCC(O)C(C)(C)C3CCC2(C)C21CC1=C(O2)C(=CC(=O)C1=O)C,1.73430001,0,1.008905095
57334,BIRVED,,CN(N=S=O)c1ccccc1,4.082300024,0.4824,2.182999841
864569,YOCFUS,10.1021/om701038p,C[Si](C)(C)N(P=PN(N([Si](C)(C)C)[Si](C)(C)C)[Si](C)(C)C)N([Si](C)(C)C)[Si](C)(C)C,3.29020002,0.1443,1.786955329
382737,KOJNEE01,10.1039/C4SC01769B,CC(C)[Si](C#CC1=C2SC3=C4C(=C(C#C[Si](C(C)C)(C(C)C)C(C)C)c5ccccc45)SC3=C2c2ccccc12)(C(C)C)C(C)C,2.057100012,0.2229,1.170602492
610343,RATHUQ,,CNN=C1C(=C(Nc2ccc(Cl)cc2)C(=C1C(=O)OC)OC)C(=O)OC,3.37710002,0.7755,1.831012194
135625,DIFYAT,10.1016/j.tet.2007.04.052,C[Si](C)(C)c1cc2cc3cc4cc5cc(c(cc5cc4c(Cl)c3cc2cc1[Si](C)(C)C)[Si](C)(C)C)[Si](C)(C)C,2.262100014,0.0578,1.273866161
223247,FUHPUV,10.1016/j.poly.2014.06.032,CC(C)c1ccc(CN2C=C3C=C2C(=C2C=CC(=N2)C(=C2NC(=C(c4ccccc4)C4=NC(=C3c3ccccc3)C=C4)C=C2)c2ccccc2)c2ccccc2)cc1,1.960800012,0.177,1.123711017
322973,ISUGAG,10.1021/acs.orglett.6b01788,CN1C([N+](=CC2=CC=CS2)[N-]C1=O)c1ccccc1,3.614400022,0.5132,1.950749636
370497,KENGUG,10.1039/b607013b,Cc1ccc(cc1)C1=C2SC(=C(c3ccc(C)cc3)C3=NC(=C(C4=CC=C(S4)C(C)(C4=CC=C1N4)c1ccccc1)c1ccc(C)cc1)C=C3)C=C2,1.985000012,0.4134,1.136356692
189707,EZOPAK,,CC1=NN(C(=O)C1=C(C#N)C1=CC=C(S1)N1CCCCC1)c1ccc(CCO)cc1,2.700400016,0.3332,1.49407892
767384,VOVSIK,10.1016/j.tet.2015.01.017,Oc1ccc(cc1)c1cc2c(ccc(c3ccc(O)cc3)c2C(c2ccc(O)cc2)=C2C=CC(=O)C=C2)cn1,2.198300013,0.0003,1.243073485
66439,BOYZEV,10.1016/j.tetlet.2009.03.096,COc1cc2C(=O)C(=O)Nc3cc[n+](C)c(c1[O-])c23,2.266800014,0.0783,1.277689224
43406,BAWDOT,10.1016/S0040-4039(03)01672-1,ClC1=S=NN2c3ccccc3N=C12,3.038400018,0.0529,1.663754151
359238,KAGGEG01,10.1039/C3SC51158H,c1cc2cccc3c4cc5cccc6cccc(c4cc(c1)c23)c56,2.572300015,0.6547,1.430867362
562411,PTBZTS,,Cc1ccc(cc1)S(=O)(=O)N=S=C(Sc1ccccc1)c1c(C)cc(C)cc1C,3.815100023,0.4777,2.052630694
941662,HETKOJ,10.1002/chem.201704252,CCC1=CC=C(N1)C1=C2C=CC(=[N+]2[B-](F)(F)N2N=NN=C12)CC,2.708000016,0.003,1.499397657
259050,GUNJIK,10.1002/hc.21270,CCN1N=CC2=C1C(C=CC2=C(C#N)c1ccc(Cl)cc1)=NO,3.246800019,0.6886,1.769003434
327616,IWURID,10.1021/acs.joc.6b00758,CCCCC1=[N+]([O-])C(c2ccccc2)C(O)(Cc2ccccc2)C1=C(c1ccccc1)c1ccccc1,3.960000024,0.0076,2.126151775
174915,EPANEQ02,10.1021/jp410824u,CC(C)(C)OC(=O)N1C(=O)C2=C(N(C(=O)OC(C)(C)C)C(=O)C2=C1C1=CC=C(S1)C1=CC=CS1)C1=CC=C(S1)C1=CC=CS1,2.450800015,1.2704,1.37204892
61698,BOHYOM,10.1039/a905676i,N1C2=CC=C1C(=C1C=CC(=N1)C(=C1NC(=C(c3ccccc3)C3=CC=C(C2c2ccccc2)N3c2ccccc2)C=C1)c1ccccc1)c1ccccc1,2.120300013,0.4089,1.207036087
149264,DPTSIM,10.1007/BF01203099,S(N=S=NSc1ccccc1)c1ccccc1,3.29790002,0.4768,1.796111416
693968,TIJZOD,10.1021/jo3019126,Clc1ccc(Nc2ccc3N=C4C=C(Nc5ccc(Cl)cc5)C(C=C4N(c4ccc(Cl)cc4)c3c2)=Nc2ccc(Cl)cc2)cc1,2.638100016,1.0797,1.466342083
291873,HUDWAF,10.1107/S1600536809050442,COC(C)=CC(=O)N1N=[N+]([O-])c2ccccc12,4.146300025,0.5083,2.220781815
455268,MOTZOK,10.1002/hc.1087,Brc1ccc2N=S=NSc2c1,1.942300012,0.0115,1.118787117
330207,IYOBII,10.1039/c1cc13980k,CC(C)N1C(=O)c2c3ccccc3c3C(=O)N(C(C)C)C(=O)c4c5ccccc5c(C1=O)c2c34,2.074200012,0.1356,1.185111058
768939,VUDPIT,,CN(C)N1C(=O)C(SC1=S=O)=Cc1ccccc1,3.41020002,0.5797,1.854059421
660416,SIYJEP,10.1246/bcsj.64.659,CC(C)(C)c1ccc2c3ccc(cc3C(=C=C=C3c4cc(ccc4c4ccc(cc34)C(C)(C)C)C(C)(C)C)c2c1)C(C)(C)C,2.802900017,1.0686,1.550434787
319370,IQITEI,10.1246/cl.2010.771,CCCc1ccc(CCC)c2cc3c(cc12)c(c1ccccc1)c1cc2c(CCC)ccc(CCC)c2cc1c3c1ccccc1,2.250500013,0.1452,1.274755701
313300,ILUVOC,10.1021/acs.joc.6b00414,CCC1=C(C)NC(=C1C)C1=[N+]2C(=CC3=C(C)C=C(C)N3[B-]2(F)F)c2ccccc12,2.474900015,0.7307,1.38700212
326941,IWILOP,10.1246/bcsj.76.2361,CN1C=CN2C(=C1)N=C(c1ccccc1)C2=O,2.742800016,0.3184,1.521076696
591834,QOLLAG,10.1002/chem.201402569,COCCC1(CCOC)c2cc(Br)ccc2c2cc3C=CN4C(=O)C5=C6N(C=Cc7cc8c9ccc(Br)cc9C(CCOC)(CCOC)c8cc67)C(=O)C5=C4c3cc12,2.373300014,0.7628,1.336425951
312902,ILONUU,10.1021/acs.joc.6b00340,CCCCC1=CC2=C(S1)C1=CC3=C(c4ccccc4C3=CC1=C2c1c(C)cc(C)cc1C)c1c(C)cc(C)cc1C,1.936500012,0.0178,1.11809758
502718,OBIZEH,10.1016/j.ica.2017.01.001,CC(C)(C)c1cc(c2OC3=C(C=C(C(=O)C3=Nc2c1O)C(C)(C)C)C(C)(C)C)C(C)(C)C,2.449200015,0.2125,1.374661757
352390,JOXQUK,10.1021/jo501724d,COc1ccc(cc1)C1=C2NC(=C(c3ccc(I)cc3)C3=NC(=C(C4=CC=C(S4)C(=C(C)C4=CC=C1S4)C)c1ccc(OC)cc1)C=C3)C=C2,2.135000013,0.4361,1.217644174
106739,COSQUY,10.1039/C4OB01548G,COC(=O)CC(C(CC(C)C)NC(=O)OC(C)(C)C)N1N=[N+]([O-])c2ccccc12,3.926800023,0.1283,2.113557529
778504,WAMZOC,10.1039/C7TC00327G,O=C1NC2=C(SC(=C2)c2ccccc2)C1=C1C(=O)NC2=C1SC(=C2)c1ccccc1,2.420400014,0.7126,1.360610342
525490,OVIXIC,10.1021/acs.joc.6b01654,CC(C)[Si](C#CC1=C2N=C3Cc4ccccc4C3=NC2=C(C#C[Si](C(C)C)(C(C)C)C(C)C)C2=NSN=C12)(C(C)C)C(C)C,2.621800016,0.3836,1.461326208
860349,YILZEA,10.1016/j.tetlet.2013.06.039,CC1=CC(=C2N1[B-](F)(F)[N+]1=C(C)C=C(C)C1=C2C1=CC=C(I)S1)C,2.973200018,0.5401,1.6372255
191042,FACWEM,10.1107/S1600536802002283,CCN(CC)C=CC1=C(Cl)C(=O)C(=C(Cl)C1=O)Cl,2.217500013,0.1483,1.259727125
631290,ROZHAR,10.1002/chem.201406550,CCC1=C(C)C2=C(C3=CC=CO3)C3=C(C)C(=C(N3[B-](F)(F)[N+]2=C1C)C1=CC=CS1)C,2.569700015,0.6665,1.436504799
127256,DBDAAB,,Brc1ccc(N=NNc2ccccc2)c(Br)c1,3.34610002,0.1856,1.824907048
169838,EKUDUL,10.1039/C6PY00346J,CCCCN1C(=O)C2=C(N(CCCC)C(=O)C2=C1c1ccc(Br)c(F)c1)c1ccc(Br)c(F)c1,2.878400017,0.4964,1.591362615
685035,TECKUH,10.1246/cl.1996.63,CCCCCCC1=NC2=C(C3=CC=CS3)C3=NSN=C3C(=C2N=C1CCCCCC)C1=CC=CS1,2.173900013,0.3484,1.239574373
455266,MOTZIE,10.1002/hc.1087,Brc1ccc2SN=S=Nc2c1,2.021600012,0.0079,1.163499504
44662,BAZBIN,10.1107/S056774088200380X,S1C(=Nc2ccccc12)[N-][N+](=Nc1ccccc1)c1ccccc1,3.224000019,0.5319,1.764785942
603475,QUYHIC,10.1107/S1600536810020398,CCCCCCN1C(=O)C2=C(N(CCCCCC)C(=O)C2=C1c1ccccc1)c1ccccc1,2.922300017,0.469,1.614881415
230673,GAJTOD,10.1021/acs.cgd.5b01656,Ic1ccc(cc1)C1=C2C(=O)N(Cc3ccccc3)C(=C2C(=O)N1Cc1ccccc1)c1ccccc1,2.902600017,0.5622,1.605308178
961152,YIFJUV,10.1039/C8QO00382C,Fc1ccc(cc1)C12N(C(=O)C3(CCN=C13)c1ccccc1N=O)c1ccccc1C2(F)F,0.9296000056,0.0001,0.6195512638
135299,DIDZIB,10.1080/10426507.2012.743145,CC(C=Cc1ccccc1)=Pc1c(cc(cc1C(C)(C)C)C(C)(C)C)C(C)(C)C,3.697500022,0.9435,2.00350843
372114,KETDAQ,10.1080/00958972.2012.740023,CC1=CC(=C2N1[B-](F)(F)[N+]1=C(C)C=C(C)C1=C2C1=CC=CO1)C,2.953200018,0.5498,1.631472196
863382,YIXPIF,10.1107/S1600536808005904,CCCCCCCCCCCOc1ccc(cc1)C(=O)Oc1ccc(OC(=O)c2ccc(NN=[N+]([O-])c3ccccc3)cc2)cc1,3.859200023,1.1114,2.084649787
638784,SADNAP,10.1016/j.tet.2015.12.032,[O-][N+](=CC1=CNc2ccccc12)c1ccccc1,3.843000023,0.4513,2.076740253
387166,KUFHUQ,,CC(C)(C)OC(=O)C1=C2C=CC=CC2=C(N1)C(c1ccccn1)=C1N=C(C(=O)OC(C)(C)C)c2ccccc12,2.570500015,0.7899,1.440871955
889979,ZITFAL,10.1080/10426507.2013.800984,Clc1c(Cl)c(Cl)c(SC(Sc2ccc3ccccc3c2)=S=O)c(Cl)c1Cl,3.705200022,0.056,2.008266885
136027,DIHDOO,10.1016/j.dyepig.2006.05.024,CCOC(=O)CN1C(=O)C2=C(N(CC(=O)OCC)C(=O)C2=C1c1ccccc1)c1ccccc1,2.927100018,0.4862,1.619336735
590823,QOHGAX,10.1021/cg5010165,O=C1N(Cc2ccccc2)C(=C2C(=O)N(Cc3ccccc3)C(=C12)c1ccccc1)c1ccccc1,2.880300017,0.5576,1.596186649
491428,NOLJOP,10.1002/asia.201402389,Fc1c(F)c(F)c(c(F)c1F)C1=C2C=CC(=[N+]2[B-](F)(F)N2C(=CC=C12)Br)Br,2.849300017,0.5518,1.580914803
552093,PIQCAV,10.1107/S1600536813032868,CC1(C)OC(=C(C#N)C#N)C(=C1C=CC=CC=C1N(CCOC(=O)c2cc(OCc3ccccc3)cc(OCc3ccccc3)c2)c2ccccc2C1(C)C)C#N,2.513700015,2.2963,1.413400157
639931,SAHFIT,10.1021/acs.joc.6b02821,[O-][N+]1=CC(=NNC1c1ccccn1)c1ccccc1,3.27870002,0.015,1.79614543
571794,QAGYAB,10.1021/jo402440m,COc1ccc(cc1)C(C=CC(c1ccc(OC)cc1)=C(C#N)C#N)=C(C#N)C#N,2.799000017,0.1168,1.556438979
169449,EKIWOK,10.1002/chem.200304586,CC1OC(=O)N(C1=C=C)S(=O)(=O)c1ccc(C)cc1,2.576400015,0.0015,1.445169721
197411,FAVQUO,10.1016/S0008-6215(98)00251-1,CCC[n+]1cc([O-])ccc1C=O,3.477200021,0.0001,1.895831319
723940,UKATOR,10.1021/acs.cgd.6b00157,Fc1cc(F)cc(c1)C1=C2C(=O)N(Cc3ccccc3)C(=C2C(=O)N1Cc1ccccc1)c1cc(F)cc(F)c1,2.964100018,0.4826,1.639757791
309433,IJIPAU,10.1002/anie.201508829,Fc1c(F)c(F)c(c(F)c1F)C1=C2NC(=C(c3ccccc3)c3cccc(n3)c3cccc(n3)C(=C3C=CC1=N3)c1ccccc1)C=C2,2.254100013,0.3382,1.285463381
650936,SENPIM,10.1021/jo300444b,CC(=O)OC(C(=O)OC1C2OCOC2C(OCc2ccccc2)C(N=[N+]=[N-])C1OCc1ccccc1)c1ccccc1,1.65400001,0,0.9861971939
102886,COFTIA10,10.1107/S0108270185003067,Oc1ccccc1NN=[N+]([O-])c1ccccc1,3.880500023,0.6893,2.099584429
624688,RIVBAZ,10.1039/a607063i,CC(C)(C)C1=C(N=O)C(=NN1)C(C)(C)C,0.8637000052,0.0002,0.5914189639
154678,DUVFIK,10.1107/S1600536810029910,Cc1ccc(cc1)[N+]1=NOC(=C1C1=NN2C(=NN=C2SC1)COc1ccccc1)[O-],3.801800023,0.2809,2.06049424
641795,SAMGOC,,O=C1OC(=CC=CN2CCOCC2)C=C1c1ccccc1,3.26500002,1.5635,1.792301577
220066,FOVYAS,10.1039/C4CC06063F,CCCCCCN1C(=O)C2=C(NC(=O)C2=C1c1ccccc1)c1ccccc1,2.911700017,0.5015,1.615701566
105810,COQBOB,10.1039/C4CP02629B,N1C(=CC(=C1N=C1N=C(C=C1c1ccccc1)c1ccccn1)c1ccccc1)c1ccccn1,2.497100015,0.6465,1.408446324
327613,IWUREZ,10.1021/acs.joc.6b00758,CCOC(=O)C1=C(N)[N+](=C(C2CCCCC2)C1=C(c1ccccc1)c1ccccc1)[O-],2.910300017,0.018,1.615287681
369325,KEJWON,,COc1cccc(C=CC2=CNc3ccccc3N2)c1,1.772300011,0.106,1.046322246
136047,DIHFUW,10.1016/j.tetlet.2007.03.122,CC(C)c1cc(C(C)C)c(c(c1)C(C)C)[Si]1(c2ccccc2)C(=Cc2ccccc2)C=C1C1=CCCCC1,3.453100021,0.6777,1.886765873
477290,NEMHAO,10.1002/1099-0682(200108)2001:8<2123::AID-EJIC2123>3.0.CO2-G ,COc1ccc(cc1)N=S=Nc1c(F)c(F)nc(F)c1F,3.112900019,0.8364,1.716731724
669945,SUJKIT,10.1021/jo501969z,COC(=O)CCC1=C2N(C(=C1C)C#C[Si](C)(C)C)[B-](F)(F)[N+]1=C(Cl)C(=C(CCC(=O)OC)C1=C2C#C[Si](C)(C)C)C,2.594700016,0.65,1.458489694
413255,LITPIP,10.1002/ejic.201301549,BrC1C(Br)c2ccc(Br)c3c(Br)ccc1c23,2.662100016,0.2344,1.493298225
79119,CAMJOP,10.1039/p29830001357,CCCCNc1ccc(NCCCC)c2C(=O)c3ccccc3C(=O)c12,2.520900015,0.2472,1.422777472
221350,FOZTEV,10.1021/acs.cgd.5b00105,CC(C)[Si](C#CC1=C2N=C3c4ccccc4c4ccccc4C3=NC2=C(C#C[Si](C(C)C)(C(C)C)C(C)C)C2=NSN=C12)(C(C)C)C(C)C,2.427500015,0.2977,1.376125457
258658,GUMCOI,10.5012/bkcs.2014.35.4.1221,N1C=C(C=N1)C1=CC=C(S1)C1=CC=CS1,2.826900017,0.5906,1.575901106
492414,NONZIZ,,N#CC(C#N)=C1C=CC(C2=N[Se]N=C12)=C(C#N)C#N,3.557300021,0.9348,1.941247148
352460,JOXYEA,10.1016/0040-4039(92)88185-8,O=C1C(NC(=C1c1ccccc1)c1ccccc1)=C1NC(=C(C1=O)c1ccccc1)c1ccccc1,2.332300014,0.2159,1.32899561
440842,MERDUJ,10.1021/jo060923y,CCc1c(CC)c(CC)c2cc3c(CC)c4cc5c(CC)c(C(=O)OC)c(C(=O)OC)c(CC)c5cc4c(CC)c3cc2c1CC,2.218300013,0.09,1.272267764
458811,MUDHUO,10.2116/analsci.18.221,Cc1cc(C)cc(CN2C(=O)C3=C(N(Cc4cc(C)cc(C)c4)C(=O)C3=C2c2ccc3ccccc3c2)c2ccc3ccccc3c2)c1,2.646800016,0.6521,1.486769398
680378,TAQXER,10.3390/molecules21050596,ClC1=C2SSN=C2c2ccccc2C1=O,3.25970002,0.2817,1.793273813
266920,HAPBOS,10.1002/adsc.201600834,Clc1cccc(Cl)c1c1[n+]([O-])c2ccccc2c(c2ccccc2)c1c1ccccc1,3.838100023,0.0687,2.082547707
631292,ROZHEV,10.1002/chem.201406550,CCC1=C(C)C2=C(C3=CC=CO3)C3=C(C)C(=C(C#C[Si](C)(C)C)N3[B-](F)(F)[N+]2=C1C)C,2.686100016,0.6755,1.506924326
455263,MOTZEA,10.1002/hc.1087,Brc1cccc2SN=S=Nc12,1.969100012,0.01,1.148515555
626578,ROBTIM,10.1002/chem.200800662,O=C1C=C2OCOC2=CC1=CC=Cc1ccccc1,2.942300018,0.1026,1.635765064
96984,CIPWIH,10.1039/p29840001331,COc1ccc2N(C)C=C(C3=CC(C(=O)N3C)=C3C(=O)N(C)c4ccccc34)c2c1,2.583100015,0.6494,1.45621074
295697,HUTLEO,10.1016/j.tetlet.2010.01.069,O=C1N(Cc2ccccc2)C(=C2C(=O)N(Cc3ccccc3)C(=C12)c1ccc(cc1)N1CCOCC1)c1ccc(cc1)N1CCOCC1,2.702500016,0.8761,1.516303819
612312,RAYVOF,10.1039/C7TC01453H,CCCCN1C(=O)C2=C(N(CCCC)C(=O)C2=C1c1ccc(Cl)cc1)c1ccc(Cl)cc1,3.007200018,0.471,1.66886581
60204,BOCMUB,10.1107/S0567740882011157,CC(C)Nc1ccc(NC(C)C)c2C(=O)c3ccccc3C(=O)c12,2.494100015,0.2492,1.412569665
887554,ZIFPIP,10.1039/C3OB41278D,CCN(CC)c1ccc(cc1)C=C1SC2=CC(SC2=C1)=C(C#N)C#N,2.092400013,0.0165,1.211936314
255894,GUBHUG,10.1002/jhet.5570350123,Cc1ccc(cc1)N=C1N(c2ccc(C)cc2)C(c2ccccc12)=C1N(c2ccc(C)cc2)C(c2ccccc12)=C(C#N)C#N,2.567500015,0.8167,1.449893889
99904,CIYZOZ,10.1071/CH9831843,O=N(=O)C1=CC2=[N+]([O-])N(N=C2C(=C1)N(=O)=O)c1c(cc(cc1N(=O)=O)N(=O)=O)N(=O)=O,3.045100018,0.0381,1.688897471
557041,POJNOR,10.1002/anie.199419661,CC1(C)CSC(=CC=C2SCC(C)(C)C2=C(C#N)C#N)C1=C(C#N)C#N,2.379300014,0.5214,1.356204274
791293,WIKKEG,10.1107/S0108270194002635,CSC1=CC(C(=CC1=C(C#N)C#N)SC)=C(C#N)C#N,2.292500014,0,1.312842388
689852,TEWGEI,10.1246/bcsj.80.349,C[Si](C)(C)C1=CC=C([Se]1)C(=C=C=C(C1=CC=C([Se]1)[Si](C)(C)C)C1=CC=C([Se]1)[Si](C)(C)C)C1=CC=C([Se]1)[Si](C)(C)C,2.320700014,0.5606,1.327156393
669928,SUJJIS,10.1021/jo501969z,COC(=O)CCC1=C2N(C(=C1C)C#C[Si](C)(C)C)[B-](F)(F)[N+]1=C(C#C[Si](C)(C)C)C(=C(CCC(=O)OC)C1=C2C1=CC=CS1)C,2.488700015,0.5928,1.411440665
573807,QAMTEF,10.1039/c2jm16173g,COc1ccc(cc1)C#Cc1c2ccccc2c(C#Cc2ccc(OC)cc2)c2c(c3ccccc3)c3ccccc3c(c3ccccc3)c12,2.387700014,0.4227,1.361137698
302544,IDBANT,10.1107/S0365110X64002596,O=C1c2ccccc2c2ccc3c4ccc5C(=O)c6ccccc6c6ccc(c7ccc1c2c37)c4c56,2.258000014,0.4784,1.296327526
25044,ASEWUR,10.1016/j.tetlet.2011.04.061,CCOC(=O)C1=CN(NN1)c1ccc2N(C)C3C(=CN(C)CCC3(CC)c2c1)C(=O)OCC,2.373800014,0.3238,1.35427145
472635,NAWCAP,,CN1CCN(C)C2=C(C#N)C(=C3SC=C(S3)c3ccccc3)C(=C12)C#N,3.023300018,0.7937,1.679433623
391993,KUYNEZ,10.1016/j.inoche.2015.12.016,OC1=C(N=Nc2ccccn2)c2cccc3cccc1c23,1.65310001,0.004,0.9943753852
501854,OBASUF,10.1071/CH99087,BrC1C2CC(C(Br)c3cc4ccccc4[n+]([O-])c23)c2[n+]([O-])c3ccccc3cc12,3.860900023,0.0371,2.098285684
675026,TABPUJ,10.1021/ja100238h,C[N+]1=C(C=Nc2c([O-])c3cccnc3c3ncccc23)C2CC3CC(CC1C3)C2,2.696500016,0.0827,1.516559606
269713,HAXQEE,10.1107/S0108270112006440,Brc1ccc2C(=O)C(Nc2c1)=C1Nc2ccccc2C1=O,2.644200016,0.3371,1.490524297
154640,DUVCED,10.1107/S160053681002982X,Cc1ccc(OCC2=NN=C3SCC(=NN23)C2=C([O-])ON=[N+]2c2ccccc2)cc1,3.831500023,0.2793,2.084186921
525480,OVIWOH,10.1021/acs.joc.6b01654,CC(C)[Si](C#CC1=C2N=C3C=Cc4cc5ccccc5cc4C3=NC2=C(C#C[Si](C(C)C)(C(C)C)C(C)C)C2=NSN=C12)(C(C)C)C(C)C,2.432200015,0.3228,1.384594456
279926,HIMYUZ,10.1016/j.jfluchem.2013.09.012,F[B-]1(F)OC2=C(Nc3ccccc23)C2=[N+]1c1ccccc1C2=O,2.379100014,0.2905,1.358417376
734673,UTOKIY,10.3987/COM-08-11337,CC1OC=CC(=[Se])C1=O,1.045800006,0,0.6922636222
813412,XATJAE,,CCCCN1C(=O)C2=C(N(CCCC)C(=O)C2=C1c1ccc(Br)cc1)c1ccc(Br)cc1,3.030400018,0.4758,1.68545523
813439,XATKIN,,CCCCN1C(=O)C2=C(N(CCCC)C(=O)C2=C1c1ccc(cc1)C#C)c1ccc(cc1)C#C,2.948700018,0.5362,1.644735298
594822,QOWYAC,10.1039/b100988p,CC1=NN(c2ccccc2)C(=C1C(c1ccccc1C(O)=O)=C1C(=NN(c2ccccc2)C1=O)C)O,2.514100015,0.1476,1.427503817
460334,MUKGII,,COc1ccccc1C1=C2C(=O)N(CCCCl)C(=C2C(=O)N1CCCCl)c1ccccc1OC,3.048200018,0.4588,1.694608052
886639,ZEZDEP,10.1002/asia.201200834,CC(C)[Si](C#Cc1c2cc3OC=Cc3cc2c(C#C[Si](C(C)C)(C(C)C)C(C)C)c2cc3OC=Cc3cc12)(C(C)C)C(C)C,2.517200015,0.4141,1.429449159
385445,KOWXAW,,OC1=C2C(=O)c3ccccc3C(=C2C(=O)C(=C1)Nc1ccccc1)Nc1ccccc1,2.567500015,0.3548,1.454693433
215749,FOGHOY,10.1039/c39870001546,C1SN=S=NS1,3.015900018,0.0399,1.678907899
114935,CURCID,10.1039/C5RA07660A,CCCCCCN1C(=O)C(C2=C1c1ccccc1S2)=C1C(=O)N(CCCCCC)C2=C1Sc1ccccc21,2.304100014,0.4052,1.323123938
39997,BAMLEJ,10.1039/C6CE02582J,COc1ccccc1C1=CC(=C(N1)N=C1N=C(C=C1c1ccc(cc1)C#N)c1ccccc1OC)c1ccc(cc1)C#N,2.417700014,0.7039,1.379934507
377926,KIQVIP,10.1002/(SICI)1098-1071(1999)10:2<113::AID-HC4>3.0.CO2-R ,COc1cccc2SN=S=Nc12,1.956200012,0.0103,1.149272848
335155,JALZEB,10.1002/anie.198902151,CC(C)(C)c1cc(c(P=PNC23CC4CC(CC(C4)C2)C3)c(c1)C(C)(C)C)C(C)(C)C,3.627000022,0.0115,1.984810126
381760,KOFMAU,,CN1c2ccccc2C(C)(C)C1=CC=CC=CC=C(C#N)C#N,2.798500017,1.9861,1.570625852
67361,BRMOTR,10.1246/bcsj.37.1871,COC1=C(Br)C=CC=CC1=O,3.033000018,0.054,1.688046571
460391,MUKLIN,,CCOC(=O)CCCCN1C(=O)C2=C(N(CCCCC(=O)OCC)C(=O)C2=C1c1ccccc1OC)c1ccccc1OC,3.174700019,0.3128,1.759174138
704972,TPDTPY,10.1107/S0567740880005110,S1C(=CC(C=C1c1ccccc1)=C1C=C(SC(=C1)c1ccccc1)c1ccccc1)c1ccccc1,2.520800015,0.0642,1.432426357
554778,PMTHTZ,10.1107/S0567740879003113,CN1N=C2C(=N1)C(=S=C2c1ccccc1)c1ccccc1,2.912200017,0.6074,1.628560034
674657,SUZSIQ,10.1107/S1600536810033106,CCOC(=O)C1C(CC(=CC1=O)C1=C([O-])ON=[N+]1c1ccccc1)c1ccc2OCOc2c1,3.40700002,0.0005,1.876031798
377930,KIQVUB,10.1002/(SICI)1098-1071(1999)10:2<113::AID-HC4>3.0.CO2-R ,FC(F)(F)c1cccc2SN=S=Nc12,1.962300012,0.0109,1.153800822
366857,KEBWEW,10.1002/chem.201700421,CC(C)[Si](C#Cc1c2ccccc2c(C#C[Si](C(C)C)(C(C)C)C(C)C)c2nc3cc(C#N)c(cc3nc12)C#N)(C(C)C)C(C)C,2.159100013,0.1972,1.252358282
835373,XOWDAQ,10.1039/C4SC02742F,COc1ccc(cc1)C1=C=C=C(C#CC(=C=C=C(C#CC(OC)(C#CC(OC)(C#C1)C(F)(F)F)C(F)(F)F)c1ccc(OC)cc1)c1ccccc1)c1ccccc1,2.146700013,0.8596,1.246553821
218018,FONWUC,10.1039/C4TC02170C,CCCCC(CC)CN1C(=O)C(C2=C1C=C(S2)C1=Cc2ccccc2S1)=C1C(=O)N(CC(CC)CCCC)C2=C1SC(=C2)C1=Cc2ccccc2S1,2.132600013,1.108,1.239533284
414543,LIYPOZ,10.1016/j.orgel.2007.11.009,Clc1c2ccccc2c(Cl)c2c(Cl)c3ccccc3c(Cl)c12,2.496900015,0.1207,1.421693098
637011,RUXMAA,10.1039/C5RA21947G,Cc1ccc(cc1)C1=C2SC(=C(c3ccc(C)cc3)C3=NC(=C(C4=CC=C(S4)C(C4=CC=CN4)(C4=CC=C1N4)c1ccc(C)cc1)c1ccc(C)cc1)C=C3)C=C2,1.996100012,0.3425,1.172055852
692474,TIDKIC,10.1016/j.bmc.2013.02.027,CN1N=CN=C1C1=C2N=[N+]([O-])c3ccc(OCc4ccccc4)cc3N2N=C1,3.787100023,0.0352,2.068037508
511358,OHEGEP,10.1039/C5OB01008J,COc1ccc2CCc3c4c(C#C[Si](C)(C)C)c5cc6ccccc6cc5c(C#C[Si](C)(C)C)c4c4CCc5ccc(OC)c(Br)c5c4c3c2c1Br,2.269100014,0.1923,1.309205042
669926,SUJJEO,10.1021/jo501969z,COC(=O)CCC1=C2N(C(=C1C)Cl)[B-](F)(F)[N+]1=C(Cl)C(=C(CCC(=O)OC)C1=C2C#C[Si](C)(C)C)C,2.720400016,0.5409,1.535321584
492406,NONZAR,,N#CC(C#N)=C1C=CC(C2=NON=C12)=C(C#N)C#N,3.697100022,1.089,2.023948615
631284,ROZGEU,10.1002/chem.201406550,CCC1=C(C)C2=C(C3=CC=CO3)C3=C(C)C(=C(N3[B-](F)(F)[N+]2=C1C)C1=CC=CO1)C,2.601300016,0.6303,1.476262266
313304,ILUWAP,10.1021/acs.joc.6b00414,CC1=CC(=C2C=C3[N+](=C(C4=C(C)c5ccccc5N4)c4ccccc34)[B-](F)(F)N12)C,2.505500015,0.7424,1.428737854
440059,MENBAJ,10.1107/S1600536806030935,[O-][n+]1c2ccccc2ccc1c1ccccc1,3.774500023,0.0224,2.063467084
44711,BAZDOV,10.1107/S0567740882003823,CC1=Nc2ccc(N=O)c(CCc3ccccc3)c2S1,0.9931000059,0.0001,0.6730423161
425667,LUTLOB,10.1002/ejic.200390016,Fc1cc(F)c2SN=S=Nc2c1F,2.140600013,0.0115,1.247557921
501853,OBASOZ,10.1071/CH99087,[O-][n+]1c2ccccc2cc2CC3C(Cc4cc5ccccc5[n+]([O-])c34)c12,3.971900024,0.0078,2.163520081
521568,OQOWOI,10.1016/j.tetlet.2016.07.036,O=C1N(C(=O)c2ccccc12)C(=[N+]([O-])c1ccccc1)c1ccccc1,3.602800022,0.0014,1.979092198
222100,FUDGUG,,COc1ccc(cc1)N1N=NC2=C1N=C1N(N(C)N=C1c1ccccc1)C2=O,2.882000017,0.0119,1.618887203
44115,BAXVOL,10.1107/S0567740882002660,COc1ccc2N=C3C=C(N)C(=O)C=C3Oc2c1,3.121000019,0.471,1.738413756
639724,SAGSID,10.1016/j.dyepig.2003.08.009,Cc1cc(cc(C)c1O)C(c1ccccc1)=C1C=C(C)C(=O)C(=C1)C,3.048800018,0.0447,1.702366834
723941,UKATUX,10.1021/acs.cgd.6b00157,Fc1cc(F)cc(c1)C1=C2C(=O)N(Cc3c(F)c(F)c(F)c(F)c3F)C(=C2C(=O)N1Cc1c(F)c(F)c(F)c(F)c1F)c1cc(F)cc(F)c1,2.924400017,0.4917,1.640425014
377925,KIQVEL,10.1002/(SICI)1098-1071(1999)10:2<113::AID-HC4>3.0.CO2-R ,Cc1ccc2SN=S=Nc2c1,2.036200012,0.0077,1.196400245
287737,HOQFAW,10.1039/C4CC05886K,CN1C=CC(=CC=C2C=CN(C)C=C2c2c(C)cc(C)cc2C)C(=C1)c1c(C)cc(C)cc1C,2.918300017,0.4388,1.638061433
313311,ILUWOD,10.1021/acs.joc.6b00414,CC1=CC=C(N1)C1=[N+]2C(=CC3=C(C)C=C(C)N3[B-]2(F)F)c2ccccc12,2.566100015,0.7301,1.462256022
693617,TIHXNO10,10.1107/S0567740876007449,Oc1ccc2ccccc2c1N=NC1CCC(I)CC1,1.355600008,0.0169,0.8570960429
237879,GEGQUF,10.1002/chem.200501169,c1ccc(cc1)c1c2cccc3c4ccccc4c(c23)c2c(c3ccccc3)c3cccc4c5ccccc5c(c34)c12,2.166000013,0.2672,1.262437379
496495,NUGJIK,10.1016/j.tet.2015.04.061,[O-][n+]1c2ccccc2ccc1C1=NC2(CCCCC2)N=C1c1ccccc1,3.775300023,0.034,2.067249466
490793,NOJKUT,10.1107/S0108270108033404,CCCCCCCCCCN1C=CC(=CC=CC2=C(C#N)C(OC2(C)C)=C(C#N)C#N)c2ccccc12,2.319000014,1.2617,1.339636078
232543,GAPBAD,10.1002/chem.201605332,Fc1c(F)c(F)c(c(F)c1F)C1=C2C=CC3=C(c4ccccc4)c4cccc(c4)c4ccccc4C(=C4C=CC1=[N+]4[B-](Cl)(N23)c1ccccc1)c1ccccc1,2.115500013,0.2679,1.237909036
752801,VEQJOQ,,NC1=Cc2cccc3cccc(C1=O)c23,2.750000016,0.1346,1.555303747
561986,PRFLID10,10.1107/S0567740878010675,CC(C)OC(=O)c1cccc2c3ccccc3C(c12)=C1c2ccccc2c2cccc(C(=O)OC(C)C)c12,2.522100015,0.3278,1.441720406
564522,PUJVUM,10.1107/S1600536810005088,COC(=O)c1c(C)nc(C)c(C(=O)OCC(C)C)c1c1ccccc1N=O,0.9725000058,0.0002,0.6676803127
762032,VIYMOH,10.1007/s10870-013-0489-8,Cc1cc(N=O)c(C)c(C)c1C,0.9897000059,0.0001,0.6763031924
629426,ROMCOM,10.1107/S1600536809000543,Oc1ccc(cc1C=[NH+]c1cc(ccc1[O-])N(=O)=O)N(=O)=O,2.168500013,0.3202,1.265810502
177656,EREHAM,10.1021/acs.cgd.6b00887,Fc1c(F)c(F)c(CN2C(=O)C3=C(N(Cc4c(F)c(F)c(F)c(F)c4F)C(=O)C3=C2c2ccccc2)c2ccccc2)c(F)c1F,3.202200019,0.4462,1.78351962
54585,BIGXEW,10.1021/jo4006624,Cc1ccc(cc1)C1=C2SC(=C(c3ccc(C)cc3)C3=NC(=C(c4ccccc4)c4cccc5c4cccc5C(=C4C=CC1=N4)c1ccccc1)C=C3)C=C2,2.082400012,0.3636,1.22433246
290751,HPTPOL,10.1039/C39790000363,Oc1ccc(cc1)[n+]1c(cc(c2ccccc2)c([O-])c1c1ccccc1)c1ccccc1,3.052900018,0.2736,1.709680982
669939,SUJKAL,10.1021/jo501969z,COC(=O)CCC1=C2N(C(=C1C)C1=CC=CS1)[B-](F)(F)[N+]1=C(C(=C(CCC(=O)OC)C1=C2C#C[Si](C)(C)C)C)C1=CC=CS1,2.432000015,0.6063,1.399426566
631288,ROZGUK,10.1002/chem.201406550,CCC1=C(C)C2=C(C3=CC=CS3)C3=C(C)C(=C(N3[B-](F)(F)[N+]2=C1C)C1=CC=CO1)C,2.535200015,0.6412,1.451246023
181769,ETOBUK,10.1107/S1600536804007135,CC(=O)Oc1ccc2C(=CC(=O)Oc2c1C[N+]1=NOC(=C1)[O-])C,4.339900026,0.0095,2.35382508
364905,KAWNEC,10.1016/j.tet.2005.09.005,COc1ccc(cc1)N1C(=O)C2=C(N(C)C(=O)C2=C1c1ccccc1)c1ccccc1,2.997400018,0.4916,1.682955593
912407,TEFNEA,10.1016/j.tet.2016.11.070,FC(F)(F)c1ccc(cc1)c1ccc2ccccc2[n+]1[O-],3.777500023,0.0183,2.073755709
727578,UMINUB,10.1002/asia.201600167,N1C(=CC(=C1N=C1N=C(C=C1c1cccc2ccccc12)C1=CC=CS1)c1cccc2ccccc12)C1=CC=CS1,2.346600014,0.6399,1.358500915
709468,TUPPIE,10.1107/S1600536810017812,Cc1ccc(cc1)[N+]1=NOC(=C1C1=NN2C(=NN=C2SC1)COc1cccc2ccccc12)[O-],3.835700023,0.2719,2.10311897
689087,TETCEN,10.1107/S0365110X62000699,c1ccc2cc3cc4ccccc4cc3cc2c1,2.647100016,0.063,1.50905525
535848,PAQYEM,10.1016/j.dyepig.2004.09.022,CCN1C(=O)C(=NC=C2N(C)c3ccccc3C2(C)C)C(=C(C#N)C1=O)C,2.870900017,0.9363,1.621185204
644883,SAVHEE,10.1002/chem.201103002,CCOC(=O)C1=C2C=CC=CC2=C(N1)C(=C1N=C(C(=O)OCC)c2ccccc12)c1c(F)c(F)c(F)c(F)c1F,2.606000016,0.7532,1.488877464
708632,TULYAA,10.1021/ja961562e,C1CCCc2c3c(ccc(c4ccccc4)c3c(CC1)c1c(ccc(c3ccccc3)c21)c1ccccc1)c1ccccc1,2.840300017,0.2242,1.606086151
397133,LAPHEQ,10.1021/ol050151c,CCOC(=O)C1=C(CC)C(=C(N1)C1=NC(C(=C1CC)CC)=C1N=C(C(=C1CC)CC)C1=C(CC)C(=C(N1)C(=O)OCC)CC)CC,2.395500014,1.034,1.383790088
526512,OWIYUQ02,10.1039/C6CC06445K,c1cc(cc(c1)c1cc2ccc3ccc4ccc5ccc1c1c5c4c3c21)N=Nc1cccc(c1)c1cc2ccc3ccc4ccc5ccc1c1c5c4c3c21,3.766600023,0.0013,2.069382567
679686,TAPHAW,10.1039/C7QO00125H,Cc1ccc(C)c2c1c1ccccc1C2=C1c2ccccc2c2c(C)ccc(C)c12,2.508300015,0.4165,1.44026242
826352,XINBIH,10.1021/jo301618b,CN1C=C(c2ccccc12)C1=[N+]([O-])C(C)(C)N=C1c1ccccc1,3.656900022,0.007,2.014903741
782604,WEBKET,10.1107/S0108768193007645,Clc1ccc(cc1)C1=C2C(=O)NC(=C2C(=O)N1)c1ccc(Cl)cc1,2.843100017,0.6518,1.608187142
35053,AZMCTI,10.1039/p19770001612,COC(=O)C1=C(N=C(S1)[N-][N+](=Nc1ccccc1)c1ccccc1)C(=O)OC,3.430400021,0.5566,1.902066019
277041,HICCED,10.1021/jo300985x,CCC1=C2C(=O)c3ccccc3C(=C2C2=C1C(=O)c1ccccc1C2=O)O,2.614100016,0.1129,1.493954564
46936,BEFXIU,10.1016/S0040-4020(03)00574-X,O=C1Nc2ccccc2C1=CC1=C([O-])ON=[N+]1c1ccccc1,3.37220002,0.4353,1.873343858
508350,OFEXUS,10.1107/S0108768101021607,O=Nc1c(OCc2ccccc2)nc(NCc2ccccc2)nc1OCc1ccccc1,1.098600007,0.0002,0.7366968207
123283,DAPYIC,10.1021/jo00212a035,CC=CC=CC(=O)N1N=[N+]([O-])c2ccccc12,4.164800025,0.495,2.269920951
533080,PAJROI,10.1107/S0108270104023121,C=C=CN1C(COC1=O)C(c1ccccc1)c1ccccc1,2.679400016,0.0041,1.527318579
684217,TCNPQD,10.1107/S0567740871003996,N#CC(C#N)=C1C=CC(c2ccccc12)=C(C#N)C#N,3.438300021,0.7923,1.906781942
230669,GAJTIX,10.1021/acs.cgd.5b01656,Brc1ccc(cc1)C1=C2C(=O)N(Cc3ccccc3)C(=C2C(=O)N1Cc1ccccc1)c1ccccc1,3.005300018,0.5239,1.690342395
307301,IHANEK,10.1023/A:1013751324437,COc1ccc(N=O)c(c1)c1c(C)cc(C)cc1C,1.048600006,0.0002,0.7120996334
26076,ASUWEQ,10.1016/j.tetasy.2003.11.031,CC(=NCCN=C(C)c1c2CCc3ccc(CCc(cc2)c1O)cc3)c1c2CCc3ccc(CCc(cc2)c1O)cc3,2.722900016,0.0036,1.549553138
491434,NOLKAC,10.1002/asia.201402389,CC[N+](CC)=C1C=CC2=C(C3=CC=C(Br)N3[B-](F)(F)N12)c1c(F)c(F)c(F)c(F)c1F,2.858200017,0.6246,1.617279282
41016,BAPSIX,10.1134/S0012500816110033,OC1=C(Sc2ccccc12)C=[N+]1[N-]C(=O)CC1c1ccccc1,3.39540002,0.6765,1.885971301
454654,MORYOH,10.1021/jm010377v,CC1(C)CCc2c(O1)c1ccccc1c1N=C3C=C(Nc4ccccc4)C(C=C3N(c3ccccc3)c21)=Nc1ccccc1,2.640000016,1.7407,1.508553472
304594,IFIGAF,10.1107/S0108270102008181,Nc1nc(OCc2ccccc2)c(N=O)c(OCc2ccccc2)n1,1.085700006,0.0002,0.7315840736
642072,SAMXEL,10.1002/anie.201105736,CC1=CC(=C2N1[B-](F)(F)[N+]1=C(C)C=C(C)C1=C2C1=C(C)N2C(=C1C)C=C1[N+](=C(C)C=C1C)[B-]2(F)F)C,2.851400017,0.1022,1.614765767
701551,TOLRIX,10.1039/C4CC04627G,CC(C)[Si](C#Cc1c2ccccc2c(C#C[Si](C(C)C)(C(C)C)C(C)C)c2nc3ccccc3cc12)(C(C)C)C(C)C,2.541000015,0.3719,1.459596381
559619,POSGUZ,10.1070/MC1994v004n05ABEH000397,Fc1c(F)c(F)c(N=S=Nc2ccccc2)c(F)c1F,3.33170002,0.7547,1.854969098
360606,KAKMAL,,CCCCN1C(=O)C2=C(N(CCCC)C(=O)C2=C1c1ccccc1)c1ccc(cc1)C#N,2.943800018,0.4728,1.661555471
455274,MOVBAA,10.1002/hc.1087,COc1ccc2N=S=NSc2c1,2.120800013,0.0145,1.250185997
697530,TIXCOT,10.1021/jo702351s,CC[Si]1(CC)OC(CC(C)C)CC(OC(=O)c2ccc(cc2)N(=O)=O)C1=C=C,0.9314000056,0,0.6554877074
490490,NOHNAZ,10.1039/a701233k,C[N+]([O-])=C(C#N)c1ccccc1,3.636600022,0.0001,2.008274232
955593,MIDTUR,10.1002/ejoc.201800769,C1C2=CC=CC=CC2=CC21c1cccc3cccc(C4=C2C2=CC=CC=CC2=C4)c13,2.013900012,0.0171,1.197144749
636255,RUTYAH,10.1021/ic1000107,Cc1cc(C)c([As]2SN=S=N2)c(C)c1,3.057200018,0.026,1.718905098
156541,EAOPDO,,CCN(CC)P1(=O)OCC2OCC(=O)C2O1,1.376700008,0.0001,0.879039848
712970,UBERAX,10.1039/C6CE02157C,CCC(C)CN1C(=O)C2=C(NC(=O)C2=C1C1=CC=CS1)C1=CC=CS1,2.539800015,0.1149,1.460741164
23970,AROPUT,10.1039/c0dt01383h,O=C1c2ccccc2C(=O)c2c(NCc3cccnc3)ccc(NCc3cccnc3)c12,2.479400015,0.185,1.431021705
114930,CURCEX,10.1039/c39850000398,C1CSN=S=NS1,3.631200022,0.1098,2.007074754
88098,CELSER,10.1021/om00080a033,CCc1cccc(CC)c1[Si](c1c(CC)cccc1CC)=[Si](c1c(CC)cccc1CC)c1c(CC)cccc1CC,3.178000019,0.1671,1.780702969
327622,IWURUP,10.1021/acs.joc.6b00758,CCCCC1=[N+]([O-])C2(CCCC(=O)C2C)OC1=C(c1ccccc1)c1ccccc1,3.933600024,0.5576,2.158654142
81211,CARYUR,10.1002/ejoc.201200111,CCN(CC)c1ccc(cc1)C(=CC(C#N)=C(C#N)C#N)C#N,2.681900016,1.0594,1.533017106
847061,YAMVIR,10.1039/c39930000872,COC(=O)CCC1=C2NC(=C1C)C=C1NC(=O)C(=C1C=C)CCCC1=C(C)C(=CC3=NC(=C2)C(=C3C)CCC(=O)OC)NC1=O,2.150000013,0.2165,1.267161275
439600,MELGUG,10.1007/s10847-005-9001-1,COc1ccc(cc1)C(c1cc(C)c(O)c(C)c1)=C1C=C(C)C(=O)C(=C1)C,2.978600018,0.0335,1.681567268
739305,UZEMOD,10.1002/chem.201602675,CC(C)[Si](C#CC1=C2N=C3C=C4c5ccccc5C4=CC3=NC2=C(C#C[Si](C(C)C)(C(C)C)C(C)C)C2=NSN=C12)(C(C)C)C(C)C,2.452800015,0.3366,1.419178766
514268,OKANUK,10.1016/j.synthmet.2010.09.025,Brc1ccc2cc3cc4cc5cc(Br)ccc5cc4cc3cc2c1,2.481800015,0.0693,1.433703932
757391,VIHDOF,10.1080/10426509008045877,O=CC(C#N)=C(C=C(C#N)C(C#N)=P(c1ccccc1)(c1ccccc1)c1ccccc1)C#N,3.036300018,0.9126,1.711210262
490549,NOHRUY,10.1016/j.jorganchem.2008.05.032,CC(C)c1cccc(C(C)C)c1NCc1ccc2ccccc2[n+]1[O-],4.000300024,0.0077,2.193289337
144779,DOLXUZ,10.1039/C4RA07808J,CC1=NN(C(=C1)C)C(N1N=C(C)C=C1C)=C1NC(C=C1)=C(N1N=C(C)C=C1C)N1N=C(C)C=C1C,3.115300019,0.5951,1.750901333
716737,UDEWAB,10.1021/jo001232j,NC1=Nc2ccccc2N=[N+]1[O-],3.810900023,0.0025,2.099280967
54737,BIHKEI01,10.1107/S0108270185003547,Cc1[nH+]cc2COC(O)c2c1[O-],3.601500022,0.1399,1.995144711
758493,VILMIM,,Cc1ccc(SN=S=NSN=S=NSc2ccc(C)cc2)cc1,2.541800015,0.9968,1.465955954
663969,SOLPOY,,c1ccc2c(c1)cccc2N=S=Nc1cccc2ccccc12,2.810400017,0.7344,1.600377747
393028,LACJII,,OC(=O)CNc1ccccc1[As](O)(O)=O,3.29280002,0.0054,1.841629533
532474,PAHGAJ,10.1515/chempap-2015-0094,CCN(CC)P(N(CC)CC)(N(CC)CC)=C1C(=O)OC(=O)C1=C1OC(=O)C=C1,3.26420002,0.4562,1.827389271
14750,AKUSIK,10.1021/acs.orglett.6b00637,c1ccc2c(c1)c1ccc3cccc4c3c1c2c1c2cccc3ccc5c6ccccc6c(c5c23)c41,2.224500013,0.4629,1.307930461
919495,EDIFOP,10.1016/j.dyepig.2017.03.052,COc1ccc2c(O[B-](F)(F)[N+]3=C4C=CC=CN4C(=C23)C2=C3[N+](=C(C)C=C3C)[B-](F)(F)N3C(=CC(=C23)C)C)c1,2.779100017,0.0342,1.585919794
290708,HPRDZN,10.1002/jhet.5570170343,CN1CCC2=NN(C)C(=O)C(=NNc3ccc(Br)cc3)C2=N1,3.205300019,0.4728,1.799852982
255565,GOZFOS,10.1016/j.dyepig.2014.11.020,NC(=O)c1ccccc1NC(=O)c1cc2OCOc2cc1N=O,1.068900006,0.0003,0.7316646193
498218,NUMYEB,,CC(C)(C)C(=CC=CC=CC=C(C#N)C#N)C(C)(C)C,3.36290002,1.7769,1.878867388
723943,UKAVAF,10.1021/acs.cgd.6b00157,FC(F)(F)c1ccc(cc1)C1=C2C(=O)N(Cc3ccccc3)C(=C2C(=O)N1Cc1ccccc1)c1ccc(cc1)C(F)(F)F,3.046100018,0.4496,1.720496147
237225,GEDTUF,10.1016/j.jfluchem.2005.11.021,C[Si](C)(C)N=S=NSc1ccccc1,3.531700021,0.2717,1.963599124
805500,WUTCEU,10.1016/j.tet.2010.03.067,Clc1ccc(cc1)C1=C2C(=O)N(Cc3ccccc3)C(=C2C(=O)N1Cc1ccccc1)c1ccc(Cl)cc1,3.037400018,0.5285,1.716881115
644891,SAVHOO,10.1002/chem.201103002,CCOC(=O)C1=C2C=CC=CC2=C(N1)C(c1ccc(OC)cc1)=C1N=C(C(=O)OCC)c2ccccc12,2.606000016,0.737,1.501338373
103776,COJJOB,10.1021/ja8029784,Fc1c(I)c(F)c(C=Cc2cc[n+]([O-])cc2)c(F)c1I,3.779800023,0.0841,2.088283867
409746,LIGXOO,10.1007/BF01665893,CCOC(=O)C[N+]1=Nc2ccccc2C(=C1)[O-],3.680400022,0.0002,2.038619361
668786,SUCWIY,10.1055/s-0034-1378564,COC(=O)C1(CC(=[N+]([O-])C1C)C1=CC=CS1)C(=O)OC,4.129800025,0.0134,2.263787777
377927,KIQVOV,10.1002/(SICI)1098-1071(1999)10:2<113::AID-HC4>3.0.CO2-R ,Fc1ccc2SN=S=Nc2c1,2.082500012,0.0101,1.240901744
785791,WENGUS,10.1021/jo060752x,COC(=O)C1=CN(c2ccc(cc2)N(=O)=O)C23CCCCCCC12N=[N+]([N-]3)c1ccc(cc1)N(=O)=O,3.32810002,0.0188,1.863736062
705803,TSITZS,10.1107/S0567740877012448,CC1(C)CC2(CC(C)(C)N1SN=S=S)OCCO2,2.560800015,0.0002,1.480184243
